Lodge_name,Lodge_address,Lodge_rate,Lodge_type,Lodge_RealImgName,Lodge_Tel,Lodge_content,Lodge_SellerInfo_BusinessNum
신라스테이 여수,전남 여수시 수정동 621,9.6,호텔,//image.goodchoice.kr/resize_490x348/affiliate/2022/11/22/637c0d6ec7f78.jpg,0619245300,사장님 한마디                    끝없이 펼쳐진 여수 바다와 바다 위를 지나 섬과 육지를 연결하는 국내 최초의 해상 케이블카가 근방에 위치하고 있습니다또한 여수 엑스포역과 인접하여 교통이 편리하며 오동도  아쿠아플라넷 여수 등 대표적인 관광명소와 근접한 최적의 위치를 자랑합니다                주변정보여수EXPO역 차량 4분아쿠아플라넷 여수 도보 7분종포해양공원 차량 5분기본정보체크인 : 15:00 | 체크아웃 : 12:00체크인 : 15:00 | 체크아웃 : 11:00 (매년 5월  7월  8월  10월  12월 24일  12월 25일)22시 이후 체크인 시 호텔 프론트 문의무료 WiFi전 객실 금연Bath Amenity (치약  칫솔 무료)주차 가능 (객실당 1대 무료  체크인 시 프론트로 차량번호 등록)인원 추가 정보기준 인원 외 인원 추가 시  최대 인원까지 무료영유아 포함   최대인원 초과 불가투숙객 혜택피트니스 센터 투숙객 무료   16세 이상 입장 가능노트북 사용 가능부대시설 정보내부 상황에 따라 운영시간이 변동될 수 있습니다café (레스토랑)   7층   주중 06:30~09:30  주말 및 공휴일 07:00~10:00피트니스 센터   6층   06:00~23:00   16세 이상 입장 가능라운지&바   6층   11:00~17:00  18:00~24:00수영장 이용 정보호텔 객실 가동률에 따라 입장 규정이 변경될 수 있습니다운영 시간 및 운영 방침은 호텔 상황에 따라 변경될 수 있습니다[운영 기간]2023년 6월 1일~11월 30일 (단  Bar 미운영)[위치 및 시설]6층   풀  성인 및 유아 자쿠지[적용 나이]성인 14세 이상   소인 37개월 이상~13세 이하[이용 시간 및 요금]1) 6월12:00~15:00   16:00~19:001인 33 000원 (성인)  19 800원 (소인)각 타임당 인원수 제한 70명2) 7~8월07:00~10:00   12:00~15:00   16:00~19:001인 38 000원 (성인)  19 800원 (소인)각 타임당 인원수 제한 50명3) 9~11월12:00~15:00   16:00~19:00요금 및 인원수 제한 호텔 문의[이용 안내]수영장은 수영장 이용 혜택이 포함된 상품 또는 현장에서 이용권을 구매하신 투숙객에 한해 입장이 가능합니다수영장 이용 신청은 체크인 시 선착순으로 마감합니다다음 이용하시는 고객을 위하여 직원의 퇴실 안내에 협조 부탁드립니다고객 안전사고가 우려되는 유리  캔 음료  음식물 반입을 금합니다단 식수  음료류(유리  캔 제외) 및 이유식  환자를 위한 특별식은 반입이 가능합니다쾌적하고 안전한 운영을 위해 인원 초과 시 입장을 제한하고 있습니다수영장 이용 시 수영복은 필히 착용 바랍니다(일반 반바지  면티 등은 액세서리로 인해 안전사고 및 수질관리가 우려되므로 금합니다)몸에 바른 바디오일은 샤워 후 입수 바랍니다수영장 및 자쿠지 이용 시  고무튜브 및 수영 기구(오리발  스노쿨) 사용을 금합니다수영장 및 자쿠지 이용 시  신장 100cm 이하의 아동은 보호자 동반 및 구명조끼를 착용해야만 이용이 가능합니다안전상의 이유로 기상 악화 및 내부 상황에 따라 사전 공지 없이 휴장될 수 있습니다상업적 목적의 촬영 시 이용이 제한될 수 있습니다객실용 슬리퍼를 착용했을 경우 안전 문제로 입장이 제한될 수 있습니다쾌적한 시설 이용을 위해 성수기와 같은 특정 기간은 이용 시간을 제한하여 운영하고 있습니다 성수기 수영장 이용 : 투숙 기간 중 1회만 이용 가능 체크인 시 예약하신 시간대에 이용이 가능합니다 체크인 시 반드시 입장권 팔찌를 수령한 후 수영장 입장 바라며  이용 후 팔찌는 반납 부탁드립니다 성수기 및 특정 기간은 호텔로 문의 부탁드립니다조식 정보café (레스토랑)   7층   주중(월~금) 06:30~09:30  주말(토~일) 및 공휴일 07:00~10:001인 28 000원 (14세 이상~성인)  15 000원 (37개월 이상~13세)  37개월 미만 무료현장 결제취사 시설전 객실 취사 불가취소 및 환불 규정체크인일 기준 3일 전 18시까지 : 100% 환불체크인일 기준 3일 전 18시 이후~2일 전 18시까지 : 70% 환불체크인일 기준 2일 전 18시 이후~1일 전 18시까지 : 50% 환불체크인일 기준 1일 전 18시 이후~당일 및 Noshow : 환불불가취소  환불 시 수수료가 발생할 수 있습니다확인사항 및 기타내국인만 예약 및 투숙이 가능합니다예약 시 신분증 상의 실명으로 예약 부탁드립니다실명이 아닌 별명 등으로 예약 시 실명 확인을 위해 연락이 필요할 수 있습니다 (체크인 시 신분증 확인 필수)위의 정보는 호텔의 사정에 따라 변경될 수 있습니다미성년자는 보호자 동반 없이 이용이 불가합니다이미지는 실제와 상이할 수 있습니다객실가는 세금  봉사료가 포함된 금액입니다,1
 여수 라마다 프라자 호텔,전남 여수시 돌산읍 우두리 10484,9.4,호텔,//image.goodchoice.kr/resize_490x348/affiliate/2022/08/03/62e9b83aebea3.jpg,0616420000,사장님 한마디                    특 1급 프리미엄 호텔에서 여수의 아름다운 바다를 한눈에 볼 수 있는 인피니티 풀과  국내 최고 높이의 짚트랙을 동시에 즐기세요                주변정보여수EXPO역 차량 7분무슬목해변 차량 6분봉황산자연휴양림 차량 30분기본정보체크인 : 15:00 | 체크아웃 : 11:0022시 이후 체크인 시 호텔 프론트 문의레이트 체크아웃 비용은 1시간 당 10 000원이며 최대 14시까지 가능합니다현장 상황에 따라 거절될 수 있으며  15시 이후로는 1박 요금이 부과됩니다무료 WiFi전 객실 금연Bath Amenity (치약  칫솔 무료)프리미엄 구스애완동물 동반 금지주차 가능 (무료)   주차장 B1  2F~4F (4F는 기계식 주차장이며  차종 문의 필수)   호텔 내부 주차장 만차 시  호텔 옆 야외 주차장 이용 바랍니다객실 이용안내디럭스 객실 선택 시 하버 오션뷰 전망 확정을 원하시는 고객은 호텔로 사전 요청 바랍니다(전망 업그레이드 시 20 000원 현장 결제  현장 상황에 따라 불가할 수 있음)프리미어 객실 해피 아워 이용 안내프리미어 객실+해피아워 2인 제공장소 : 1F 라메르 카페와인 2잔 및 스낵바 이용 무료 (객실 당 2인)운영시간 : 일~목 18:00~22:00  금~토 18:00~20:00일반 객실 고객 이용금액 : 일~금 성인 17 000원 소인 12 000원   토요일 성인 20 000원 소인 12 000원제공되는 주류와 스낵 메뉴는 호텔 사정에 따라 변경될 수 있으며 이미지와 상이할 수 있습니다해피아워는 1층 카페에서만 이용이 가능합니다 (테이크아웃 불가함)당일 미사용 시 대체되는 상품은 없습니다인원 추가 정보기준 인원 외 추가 시  1박당 1인 10 000원 (36개월 이상~성인)  36개월 미만 유아 무료침구 추가 : 1채당 20 000원영유아 인원수 포함   최대 인원 초과 불가(단  36개월 미만의 유아는 객실 최대 수용 가능 인원을 초과하여 투숙 가능합니다)현장 결제부대시설 정보[야외 수영장]정기 휴장일 : 매월 셋째 주 화요일운영 시간: 1부 09:00~18:00  2부 19:00~22:00 (입장마감 21:30)이용 요금: 성인 15 000원  소인 10 000원 (재입장 50% 금액 적용되어 재입장 가능)수영복 미착용시 입장 불가(호텔 내 수영복 미판매)   수영모 또는 캡모자 의무 착용10세 미만 어린이는 보호자 미 동반시 이용 제한   수중 장비(스노우쿨  오리발 등) 사용 제안기상 악화 및 내부 사정으로 사전 공지 없이 휴장될 수 있습니다1) 5층 라테르니 인피니티 풀 (투숙객 전용)미온수 운영   1부 09:00~18:00   2부 19:00~22:00객실 타월 및 가운 사용 금지보트형 튜브 및 1M 초과 튜브 사용 불가2) 6층 라테르니 파크풀냉수 운영   15:00~22:00[해상 짚트랙 (Zip Trek)]대표 전화 : 0616449500매표소 위치 : 24F  루프탑시간: 10:00~18:00가격: 성인 35 000원   소인 25 000원 (투숙객은 주중 30%  주말 및 공휴일(연휴) 20% 할인 적용)신장 140cm 이상  몸무게 35kg 이상 탑승 가능현장 상황 및 날씨 상황에 따라 사전 고지 없이 휴장될 수 있습니다[시설 안내]B1 피트니스센터 (07:00~24:00)1F 비즈니스센터  게임존  편의점  카페 (08:00~22:00)5F 레스토랑  연회장  라테르니인피니티풀6F 라테르니파크풀 (이용불가)  자쿠지존24F 짚트랙 (Zip Trek)  포토존조식 정보Rabelle restaurant(라벨르 레스토랑)   5층   07:00~10:00   조식 뷔페정상가: 대인 33 000원  소인(36개월~13세) 22 000원   투숙객 10% 할인현장 결제취소 및 환불 규정체크인일 기준 3일 전 : 100% 환불체크인일 기준 2일 전~당일 및 Noshow : 환불불가[환불불가]  [18시 체크인 환불불가]  [해피아워 2인 환불불가] 객실 : 취소  변경  환불 불가취소  환불 시 수수료가 발생할 수 있습니다확인사항 및 기타체크인 시 Deposit(보증금) 요구할 수 있고  퇴실 시 전액 환불됩니다(단  유료 서비스 이용 및 기물 파손 시 청구될 수 있음)미성년자는 보호자 동반 없이 이용이 불가합니다위의 정보는 호텔의 사정에 따라 변경될 수 있습니다이미지는 실제와 상이 할 수 있습니다객실가는 세금  봉사료가 포함된 금액입니다수영장 운영은 날씨 또는 호텔 상황에 따라 변동될 수 있습니다전 객실 취사 불가,2
 유탑 마리나 호텔 & 리조트 여수,전남 여수시 수정동 7771,9.3,호텔,//image.goodchoice.kr/resize_490x348/affiliate/2022/11/16/6374abb2cea33.jpg,0616908100,사장님 한마디                    전객실 테라스 오션뷰를 자랑하는 여수 유탑 마리나 호텔&리조트는 오션 인피니티 풀과 여수야 감성포차  스포츠 홀덤펍 등 다양한 부대시설로 고객님들에게 잊지 못할 추억을 제공합니다                주변정보여수엑스포역 차량 2분여수세계박람회 차량 3분이순신장군동상 차량 7분공지사항1) [인피니티풀 휴장 안내]휴장 기간 : 매월 둘째 주 화요일  2023년 11월 7일~11월 19일상기 기간 동안 내부 공사로 인해 휴장되며  공사 상황에 따라 휴장일은 변경될 수 있습니다2) [단독! 12시 체크아웃+주간요트 1회]  [단독! 룸UP+13시체크아웃]  [반짝특가] 18시 체크인 시 배정 (오션뷰)  [개관 4주년 특가]  [개관 4주년 특가][18시 체크인]은 주간 요트 1회 혜택만 제공되며 조식 1인 및 미러볼 가든 프리드링크 2인은 제공되지 않습니다투숙객 무료 제공 이벤트1) 1인 조식 뷔페 무료제공 (박당 제공)2) 1인 주간 요트투어 무료제공 (박수무관 1회 제공)3) 미러볼 가든 프리 드링크 2잔 무료 제공 (박당 제공   매주 월  화 정기 휴무)※ 무료 제공 상품은 호텔 사정에 따라 제공이 어려울 수 있습니다※ 무료 제공 상품은 이용하지 못해도 환불이 불가하며  다른 상품으로 대체 제공되지 않습니다※ 요트투어는 사전 예약이 어려우며 체크인 시 요트 데스크에서 선착순 예약이 가능합니다※ 개관 4주년 상품  일부 특가 상품의 경우 혜택이 제공되지 않습니다기본정보체크인 : 15:00 | 체크아웃 : 11:0022시 이후 체크인 시 호텔 프론트 문의무료 WiFi전 객실 금연Bath Amenity (치약칫솔무료)전객실 내 인덕션(취사) 사용불가주차가능 (무료)   장애인 주차장 구비장애인 편의시설 구비인원 추가 정보기준인원 외 추가 시  1인 10 000원 (36개월 미만 무료 침구 미포함)침구 추가 1박 1채당 20 000원영유아 인원수 포함 최대인원 초과불가유아 물품 무료 대여 가능 : 베이비 가드 베이비 욕조(체크인시 대여 문의)현장결제투숙객 혜택피트니스 센터 무료생수 2병 무료짐보관 서비스 (물품보관함 1시간무료 초과시 시간당 1 000원 비용 발생)전객실 넷플릭스 이용가능 (개인계정으로만 이용 가능)[자쿠지 객실] 의 경우 21시까지 직원 방문 하에 자쿠지 담수 & 배수 가능 (30분 가량 소요)부대시설 정보여수야시장   18:00~24:00 (테이크 아웃 00:30 까지 가능)미러볼 가든   호텔 야외 1층(후문)   18:00~01:00   매주 월~화 정기 휴무   요금 : 입장료 무료  주류 유료(칵테일  와인  샴페인 등) 디오니 와인스토어   14:00~23:00   매주 월~금 정기 휴무셀프 스튜디오   3층   09:00~00:00헬스장  탁구장   09:00~22:00인피니티 풀 정보(사계절 온수풀) 운영 시간 시즌별 상이   매월 둘째 주 화요일 정기 휴무 (단  2023년 9월 휴무일 없음)공통안내: 입장료에 프리드링크 1잔 포함되어 있습니다요금 기준: 대인(14세 이상)  소인(36개월~13세 이하)[2023년 9~12월 이용 안내]1부 15:00~18:30   2부 19:00~22:00요금 (1인 기준) : 1부 15 000원(성인)  10 000원(소인)   2부 20 000원(성인)조식 정보더웨이븐 레스토랑   B1   주중 07:00~10:00  주말 06:30~09:30정상가 : 14세 이상 30 000원  36개월~13세 20 000원투숙객 할인가 : 14세 이상 27 000원  36개월~13세 18 000원36개월 미만 무료이용현장결제취소 및 환불 규정체크인일 기준 6일 전 : 100% 환불체크인일 기준 5~3일 전 : 50% 환불체크인일 기준 2~1일 전 : 30% 환불체크인일 당일 및 Noshow : 환불불가연박 시  1박 예약 요금 기준으로 적용됩니다취소  환불시 수수료가 발생할 수 있습니다확인사항 및 기타최대인원 초과시 입실 불가합니다미성년자는 보호자 동반없이 이용이 불가합니다위의 정보는 호텔의 사정에 따라 변경될 수 있습니다이미지는 실제와 상이 할 수 있습니다체크인 시 배정 또는 베드타입 미기재 상품은 특정객실과 베드타입을 보장하지 않습니다객실가는 세금  봉사료가 포함된 금액입니다,3
 여수 HOTEL GD,전남 여수시 봉산동 2571,9.9,모텔,//image.goodchoice.kr/resize_490x348/adimg_new/73396/495764/38b588d8549345342644100d946c2120.jpg,050440368306,주차장 정보총 35대 주차시설 보유주변 정보관광지여수 야경명소 이순신광장  해양공원 차량이동시 5분 소요돌산대교  돌산 해양케이블카 차량이동시 5분 소요여수역  오동도  아쿠아리움에서 차량이동시 10분 소요경도 골프 리조트 차량 이동시 3분거리(선착장)여수 맛집간장게장 골목길 도보이동 5분 이내서시장 포장마차거리  해양공원 포장마차 거리 차량이동시 5분소요추가 안내사항 ★ 여수 GD 호텔 이용 안내객실 예약 및 이용관련 문의는 언제든지 프론트로 전화 부탁드립니다.원활한 체크인을 위해  예약고객님은 프론트에서 예약자 성함을 말씀해주세요.객실은 체크인 시 배정되며  상기 이미지와 다를 수 있습니다.상기 이미지의 객실 예약을 원하실 경우  프런트로 문의 부탁드립니다.미성년자 혼숙은 불가합니다. 신분증 미지참시 입실이 제한됩니다.퇴실시간을 꼭 지켜주세요. 정해진 시간 이후 퇴실 시  추가요금이 발생합니다.★여수 GD 호텔 미성년자 제한 안내미성년자 및 혼숙이 제한됩니다.미성년자는 부모님이 동반 하에 입실 가능합니다.입실 시  신분증 확인을 하오니 미 지참시 이용 제한 & 환불 불가합니다.비치 된 모든 물품 도난  훼손 or 오염 시 손해 배상 및 세탁비를 청구합니다.★여수 GD 호텔 소음 안내밤 12시 이후부터는 이용하시는 모든 고객님들을 위해꼭 소음 관련 주의 부탁 드립니다.주변 객실에 피해를 주지 않도록 서로 배려와 협조 부탁드립니다.경고2회 초과시 퇴실 되심을 양해부탁드립니다. 인원추가비용 인당 1만원 추가됩니다. ,4
 여수 베네치아 호텔 & 리조트,전남 여수시 수정동 7744,9.3,호텔,//image.goodchoice.kr/resize_490x348/affiliate/2020/03/12/5e69f9194b95b.png,0616640001,사장님 한마디                    여수의 아름다움이 파노라마처럼 펼쳐지는 공간입니다넓고 쾌적한 분위기에서 소중한 사람들과 추억을 보내기 좋은 최적의 객실입니다                주변정보여수 엑스포 공원 주요 관광지 인접여수세계박람회 부근오동도 차량 3분기본정보체크인 : 15:00 | 체크아웃 : 11:0022시 이후 체크인 시 호텔 프론트 문의무료 WiFi전 객실 금연무료 주차칫솔  치약  면도기 없음인원 추가 정보기준인원 외 인원 추가 시  1인 정상가 33 000원침구 추가 : 1채 33 000원영유아 포함   최대 인원 초과 불가현장 결제객실 정보엑스포 공원 뷰 객실 요청시 10 000원 추가 비용 발생 (사전 예약 객실 지정 불가  객실 가능 시 제공되며 체크인 시 현장 결제)키즈 풀 스위트 객실 비치 물품 : 미끄럼틀  인디언 텐트  주방 놀이  샴푸캡  수도 연장기  아기 가운  발 디딤대  보조 변기   키즈 미니바 제공(캔디  물티슈  매직버블  키즈 어메니티 등)   제공되는 물품은 호텔 상황에 따라 변동될 수 있습니다투숙객 혜택호텔 3면의 멀티 Ocean View 확보 (디럭스 이상 전면 오션뷰   슈페리어  키즈 하프오션뷰)사계절 온수 루프탑 풀 (건식 사우나 운영)객실 내 국내 유명 브랜드 스타일러 구비 (슈페리어 객실 제외)전 객실 시몬스 포켓 스프링 침대 사용부대시설 정보[엔터테인먼트 센터   2층]키즈카페  코인노래방  당구장  탁구장  사격장  다트장  오락실  휘트니스 등개방 코인 세탁실 (24시간)[편의점]일~목 07:00~24:00  금~토 07:00~01:00[루프탑풀&스낵바   18층]성인 : 14세 이상   소아 : 37개월 이상~13세 이하월~금 14:00~20:00  토~일 12:00~20:00   1인 15 000원(성인)  8 000원(소아)2023년 9월 28일~10월 3일 운영 시간 : 11:00~21:00매월 첫째 주 화요일 정기 휴무 (단  2023년 10월 정기점검일: 10일) 수질 점검 및 정기 클리닝 실시 안전 사정에 따라 점검 일자가 변경될 수 있습니다 호우  강풍 등 고객 안전을 위해 잠시 중단 또는 휴장될 수 있습니다조식 정보피렌체 레스토랑   1층  조식 뷔페  07:00~10:00 (입장 마감 09:30)1인 34 000원(14세 이상~성인)  23 000원 (37개월 이상~13세 이하)취소 및 환불 규정체크인일 기준 3일 전 17시까지 : 100% 환불체크인일 기준 3일 전 17시 이후~2일 전 17시까지 : 50% 환불체크인일 기준 2일 전 17시 이후~1일 전 17시까지 : 30% 환불 체크인일 기준 1일 전 17시 이후 ~ 당일 및 Noshow : 환불불가[성수기 및 연휴]체크인일 기준 8일 전 17시까지 : 100% 환불체크인일 기준 8일 전 17시 이후~6일 전 17시까지 : 60% 환불체크인일 기준 6일 전 17시 이후~5일 전 17시까지 : 50% 환불체크인일 기준 5일 전 17시 이후~4일 전 17시까지 : 40% 환불체크인일 기준 4일 전 17시 이후~3일 전 17시까지 : 30% 환불체크인일 기준 3일 전 17시 이후~당일 및  Noshow : 환불불가※ 2023년 성수기 및 연휴 : 12월 31일취소  환불시 수수료가 발생할 수 있습니다예약 변경을 위한 취소 시에도 취소 수수료가 부과 됩니다고객 실수로 잘못 입력된 정보 (성함  연락처 등)로 환불은 불가합니다확인사항 및 기타체크인 시 Deposit(보증금)을 요구할 수 있고  퇴실 시 전액 환불됩니다(단  유료 서비스 이용 및 기물 파손 시 청구될 수 있음)예약자 1명당 최대 4실까지 예약 가능하며  4실을 초과하여 예약하는 경우 예약 진행이 불가할 수 있습니다최대 인원 초과 시 입실 불가합니다미성년자는 보호자 동반 없이 이용이 불가합니다위의 정보는 호텔의 사정에 따라 변경될 수 있습니다이미지는 실제와 상이 할 수 있습니다해당 객실가는 세금  봉사료가 포함된 금액입니다수영장 운영은 날씨 또는 호텔 상황에 따라 변동 될 수 있습니다사진과 실제 이용 객실은 호텔 사정에 따라 다를 수 있으며  이로 인한 환불은 불가합니다숙소 사정으로 인하여 불가피한 경우 (날씨  고장 객실 발생  고객 동시 결제로 인한 Overbooking 등) 예약이 진행되지 않을 수 있으며  이 경우 결제하신 금액은 100% 환불됩니다성수기 요금이 확정되지 않았거나 요금이 잘못 등록된 경우 예약이 자동 취소될 수 있습니다얼리체크인과 레이트 체크아웃은 현장문의만 가능하며 비용이 발생됩니다당일 예약은 30분~1시간 후 예약 확인 또는 체크인이 가능합니다,5
 여수 시에스타 풀빌라&자쿠지펜션,전남 여수시 화양면 안포리 68214,7,펜션,//image.goodchoice.kr/resize_490x348/affiliate/2023/04/10/16/a00ab77f-9551-4553-92a4-5c1f5c3f4ef8-original.jpg,15443812,사장님 한마디                    아름다운 여수의 바다를 감상하실 수 있는 오션뷰 풀빌라입니다개별수영장이 준비된 객실과 와이파이  바비큐장  주차장이 있습니다                주변정보백야도 차량 10분장등해수욕장 차량 12분유월드루지테마파크 차량 30분공지사항도로명 주소 : 전라남도 여수시 화양면 화양로 7841기본 정보입실 : 15:00 | 퇴실 : 11:0020시 이후 입실 시 사전문의 (필수)전 객실 금연주차 가능객실 정보자쿠지 : 1회 30 000원 (현장결제)   우천 시 이용 가능   입욕제 사용 불가히노끼탕 : 1회 50 000원 (현장결제)개별 수영장 : 냉수 50 000원  온수 70 000원 (현장결제)   미온수 이용 여부 예약과 동시에 자동 신청   미온수 온도 30~32도   크기 2M   6M야외 온수수영장 : 무료 30~32도   11~4월 미운영인원 추가 정보기준 인원 외 추가요금 현장결제1인 20 000원 (영유아 포함)풀빌라 객실 : 1인 30 000원 (영유아 포함)영유아 인원수 포함   최대인원 초과불가현장 결제펜션 서비스공용 수영장 크기 : 3M   7M바비큐 시설101~104호 웨버그릴 비용 : 1회 30 000원105~202호 전기그릴 비용 : 1회 30 000원바비큐장 구비현장 결제취소 및 환불 규정숙박일 기준 6일전 : 100% 환불숙박일 기준 5일전 : 90% 환불숙박일 기준 4일전 : 80% 환불숙박일 기준 3일전 : 70% 환불숙박일 기준 2일전 : 50% 환불숙박일 기준 1일전 : 30% 환불숙박일 당일 및 Noshow : 환불불가취소  환불시 수수료가 발생할 수 있습니다확인사항 및 기타최대 인원 초과시 입실이 불가 합니다 (방문객 불가)객실 내 육류  튀김류  생선류 조리를 할 수 없습니다전 객실 애완동물 출입이 불가합니다보호자 동반없는 미성년자는 이용하실 수 없습니다해당 이미지는 실제와 상이 할 수 있습니다이용시설의 분실 및 훼손의 책임은 이용자에게 있으니 주의부탁드립니다객실 내에서는 화재위험물질 (화약  폭죽 등)은 사용 하실 수 없습니다 (화재로 인한 책임은 이용자에게 있습니다)쓰레기는 지정된 장소에 분리하여 주시기 바랍니다위의 정보는 펜션의 사정에 따라 변경될 수 있습니다성수기 기간동안 일부 객실의 경우 요금변동이 있을 수 있습니다수영장 운영은 날씨 또는 펜션 상황에 따라 변동 될 수 있습니다,6
 어반스테이 여수웅천,전남 여수시 웅천동 18684,9.7,호텔,//image.goodchoice.kr/resize_490x348/affiliate/2022/02/08/6201f647e221c.jpg,16447694,사장님 한마디                    나만의 자유로운 스테이  어반 스테이어반 스테이는 언제  어디서나 나만의 자유로운 여행을 떠나고 싶을 때 믿고 머물 수 있는 편안한 스테이 공간을 제공하고 있습니다                주변정보여천역 차량 12분이순신공원 도보 16분소호항 차량 14분공지사항[체크인 및 체크아웃 안내사항]체크인 16:00 | 체크아웃 11:00 (상품 별 체크인 및 체크아웃 시간 상이)비대면 체크인으로 입실 정보는 체크인 당일 13시 이전에 연락처로 발송 (당일 예약의 경우 입실 정보 전송까지 1시간 이내 대기 시간이 발생할 수 있습니다)얼리 레이트 체크인 및 체크아웃 요청 시 별도 비용이 발생하며 현장 상황에 따라 불가할 수 있습니다[모바일 프론트 안내]운영 시간 : 09:00~23:00 (점심시간 12:00~13:00)어반스테이 공식 홈페이지의 챗봇을 통해 상담 및 문의 가능기본정보체크인 : 16:00 | 체크아웃 : 11:00 (상품 별 체크인 아웃 시간 상이)22시 이후 체크인 시 호텔 프론트 문의무료 WiFi전 객실 금연일회용 칫솔 치약 세트 미제공   대용량 욕실 어메니티 비치주차 가능 (무료)객실정보복층은 난방 설정이 불가합니다객실 방향에 따라 전망은 이미지와 상이할 수 있습니다[객실 클리닝 비용 안내]숙박료에는 새로운 게스트의 첫 체크인을 위한 객실 클리닝 비용만 포함되어 있습니다 (투숙 중 추가 연장 예약은 제외)4박 이상 예약 시  3박당 1회의 룸클리닝이 고객의 요청 시에 무료로 제공되며  그 외의 클리닝 요청은 별도의 비용이 부과됩니다 (1일 전 18시까지 호텔 고객센터로 요청 필요)인원 추가 정보기준 인원 외 인원 추가 시  최대 인원까지 무료 (단  기준 인원 외 침구 및 어메니티 등 추가 시 유료)36개월 이하 영유아의 경우 인원 수에 미포함   최대 인원 초과 시 입실 불가침구(이불) 추가 시  박 당 추가 비용 : 10 000원 (현장 결제   사전 문의 호텔 고객센터)부대시설 정보피트니스 센터 (샤워실 미운영)   L층   07:00~22:00   투숙객 무료 (운동복 및 타올 미제공)취사 시설전 객실 간단 취사 가능객실 내 육류  튀김류  생선류 조리 금지취소 및 환불 규정체크인일 기준 2일 전 17시까지 : 100% 환불체크인일 기준 2일 전 17시 이후~당일 및 Noshow : 환불 불가취소  환불시 수수료가 발생할 수 있습니다확인사항 및 기타최대 인원 초과 시 입실이 불가합니다 (방문객 불가)전 객실 애완동물 출입이 불가합니다보호자 동반 없는 미성년자는 이용하실 수 없습니다해당 이미지는 실제와 상이 할 수 있습니다성수기 기간 동안 일부 객실의 경우 요금 변동이 있을 수 있습니다,7
 여수 오션힐호텔,전남 여수시 돌산읍 우두리 10478,9.3,호텔,//image.goodchoice.kr/resize_490x348/affiliate/2023/07/10/64abb3ad8a839.jpg,0616405600,사장님 한마디                    여수 오션힐호텔은 전 객실에서 오션뷰를 제공하여  아름다운 여수 바다를 감상하며 일상의 피로를 잊고 편안한 휴식을 즐길 수 있습니다                주변정보여수엑스포역 차량 6분아쿠아플라넷 차량 7분미평산림욕장 차량 13분기본정보체크인 : 15:00 | 체크아웃 : 11:0022시 이후 체크인 시 호텔 프론트 문의무료 WiFi전 객실 금연Bath Amenity (치약  칫솔 미제공)주차 가능 (객실당 1대 무료)인원 추가 정보기준인원 외 추가 시  1인 22 000원(36개월 이상~성인)  36개월 미만 무료침구 추가 : 1채당 20 000원침대 추가 불가영유아 인원수 포함   최대인원 초과 불가현장 결제부대시설 정보세미나실   2층   예약 시 이용 가능 (유료   상세 이용 호텔 문의)수영장   하절기만 운영   2023년 운영 종료 (상세 이용 호텔 문의)조식 정보레스토랑   18층   07:00~10:00 (입장 마감 09:30)신청 인원 30명 이상 : 뷔페신청 인원 30명 미만 : 룸서비스로 대체 제공 (호텔에서 유선 안내)1인 20 000원(8세~성인)  15 000원(24개월~7세)  24개월 미만 무료사전 결제 시 할인 (호텔 문의)   현장 결제취사 시설전 객실 취사 불가취소 및 환불 규정체크인일 기준 1일 전 24시까지 : 100% 환불체크인일 기준 당일 및 Noshow : 환불 불가취소  환불 시 수수료가 발생할 수 있습니다확인사항 및 기타위의 정보는 호텔의 사정에 따라 변경될 수 있습니다미성년자는 보호자 동반 없이 이용이 불가합니다이미지는 실제와 상이할 수 있습니다체크인 시 배정 상품 또는 베드 타입이 미기재된 상품은 특정 객실과 베드 타입을 보장하지 않습니다객실가는 세금  봉사료가 포함된 금액입니다수영장 미운영으로 인한 취소 및 환불은 불가합니다,8
 코업스테이 여수 호텔,전남 여수시 학동 75,9.5,호텔,//image.goodchoice.kr/resize_490x348/affiliate/2023/06/07/648043960c88c.jpg,0616841000,사장님 한마디                    낭만의 도시 여수에서 여행이라는 여유에 집중 할 수 있도록 교류와 쉼의 가치를 전하는 생활 숙박 공간으로 최고의 서비스를 제공합니다주변에 맛집이 즐비하고 거북선 공원과 인접한 코업스테이 여수 호텔에서 온전한 여수를 느낄 수 있습니다                주변정보여천역 차량 5분웅천친수공원(해수욕장) 차량 10분아쿠아플라넷여수 차량 19분기본정보체크인 : 15:00 | 체크아웃 : 11:0022시 이후 체크인 시 호텔 프론트 문의무료 WiFi전 객실 금연Bath Amenity (치약  칫솔 유료)주차 가능 (객실당 1대 무료)인원 추가 정보[결제일 기준 2023년 10월 31일까지]기준 인원 외 인원 추가 시  최대 인원까지 무료침구 추가 : 1채당 30 000원 (1객실당 1채만 추가 가능)영유아 인원수 포함   최대 인원 초과 불가현장 결제[결제일 기준 2023년 11월 1일부터]기준 인원 외 인원 추가 시  1인 10 000원(박 당 부과)침구 추가 : 1채당 30 000원 (박 당 부과   1객실당 1채만 추가 가능)페이스 타올 : 1개당 1000원배스 타올 : 1개당 2 000원생수 : 1개당 1 000원영유아 인원수 포함   최대 인원 초과 불가현장 결제투숙객 혜택짐 보관 가능프린트 이용 가능전 객실 넷플릭스 이용 가능 (개인 계정)조식 정보MUI   1층   07:00~10:001인 25 000원 (만 8세 이상~성인)  18 000원 (48개월 이상~만 7세 이하)  48개월 미만 무료현장 결제   별도 예약 필요 (사전 예약 시 할인  당일 예약도 이용 가능   호텔 문의)취사 시설프리미엄 더블 객실 : 간단 취사 가능객실 내 육류  튀김류  생선류 조리 금지취소 및 환불 규정체크인일 기준 3일 전 18시까지 : 100% 환불체크인일 기준 3일 전 18시 이후~2일 전 18시까지 : 50% 환불체크인일 기준 2일 전 18시 이후~1일 전 18시까지 : 30% 환불체크인일 기준 1일 전 18시 이후~당일 및 Noshow : 환불 불가취소  환불 시 수수료가 발생할 수 있습니다확인사항 및 기타위의 정보는 호텔의 사정에 따라 변경될 수 있습니다미성년자는 보호자 동반 없이 이용이 불가합니다이미지는 실제와 상이할 수 있습니다체크인 시 배정 상품 또는 베드 타입이 미기재된 상품은 특정 객실과 베드 타입을 보장하지 않습니다객실가는 세금  봉사료가 포함된 금액입니다,9
 여수 호텔 모던옥,전남 여수시 화장동 7943,9.8,모텔,//image.goodchoice.kr/resize_490x348/adimg_new/75170/524929/28ae218da09219063316fb47409d8678.JPG,050214638427,주차장 정보주차시설을 보유한 숙소입니다.(차량 이용 시 숙소에 문의해 주세요.),10
 여수 라테라스 리조트 ,전남 여수시 돌산읍 평사리 140512,8.8,호텔,//image.goodchoice.kr/resize_490x348/affiliate/2021/03/31/6064486c6e118.jpg,0616433500,사장님 한마디                    여수 라테라스 리조트에서는 여수의 푸른 하늘  넓은 바다를 한눈에 담을 수 있으며 여수바다와 맞닿은 듯한 아름다운 수영장을 즐길 수 있습니다복잡한 일상에서 벗어나 선물같은 하루를 보낼 수 있는 모던하고 감각적인 부티크 리조트를 느껴보세요                주변정보해상케이블카 차량 7분돌산공원 차량 7분여수엑스포역 차량 8분기본정보체크인 : 15:00 | 체크아웃 : 11:00무료 WiFi전 객실 금연기본 Bath Amenity (샴푸 린스 바디워시 수건 기본 제공   칫솔 치약 면도기 미제공)주차가능 (무료   객실당 1대)인원 추가 정보15 000원 (중등생~성인)  10 000원(36개월 이상~초등생)  36개월 이하 무료 (침구 추가료 20 000원 별도)침구 추가(별도): 1채 20 000원영유아 인원수 포함   최대인원 초과불가현장 결제 및 추가비용 호텔 프론트 문의워터파크 이용 정보상황에 따라 운영 시간 및 규정이 변경될 수 있으며  자세한 사항은 호텔 공식 홈페이지를 참고 부탁드립니다안전사고 예방을 위하여 수영장 내에서 뛰지 마십시오음주 및 약물복용 후 이용을 자제해 주시기 바랍니다[23년 7월 1일~8월 31일]패밀리풀  키즈풀 09:00~21:00   키즈워터파크  실내수영장 09:00~19:00이용 요금 (1인 기준)1) 23년 8월 21일~8월 31일 월~목요일 : 종일권 40 000원(투숙객 20% 적용 32 000원)  오전권 또는 야간권 21 500원(투숙객 할인 없음) 금~일요일 : 종일권 45 000원(투숙객 20% 적용 36 000원)  오전권 또는 야간권 24 000원(투숙객 할인 없음)2) 23년 7월 21일~8월 20일종일권 50 000원(투숙객 20% 할인적용 40 000원)  오전권 또는 야간권 28 000원(투숙객 할인 없음)[패밀리풀]수심 1.2m   150cm 이하 구명조끼 착용 필수  160cm 이하 보호자 동반 입수 필수[키즈풀]수심 1m   120cm 이하 구명조끼 착용 필수  140cm 이하 보호자 동반 입수 필수[키즈 워터파크]5종 슬라이드   최고수심 50cm   1m 이하 구명조끼 착용 필수  120cm 이하 보호자 동반 입수 필수[실내 수영장]키즈 슬라이드: 수심 75cm   실내 슬라이드: 1m 이하 구명조끼 착용 필수  120cm 이하 보호자 동반 입수 필수메인풀: 수심 1.3cm   미성년자 최소 키 150cm 이상 입수 가능 (단  구명조끼 착용 및 보호자 동반 입수 필수)  160cm 이하 구명조끼 착용 필수 (튜브 이용 시에도 필수 착용)부대시설 정보BBQ 캠핑장(야외)  1부 18:00~20:00  2부 20:00~22:00 실내 바베큐 미운영BHC치킨   라테라스 클럽호텔A 1층 13:30~21:30CU 편의점  라테라스 코브스위트A 1층 08:00~24:00XOXO핫도그앤커피  라테라스리조트 1층 11:30~19:30투썸플레이스  라테라스 클럽호텔A 1층 일~목 08:0021:30 금~토 08:00~22:30ON PLAY게임존  09:0022:00이자카야 만카이   일식당   18:00~24:00조식 정보코브스위트B동 1F 마린테리아   09:00~10:001인 기준 황태 해장국 12 000원  육개장 12 000원  불고기덮밥 13 000원취사 및 바베큐 시설일부 객실 취사 가능 (객실 내 취사도구 및 식기류 구비)BBQ 유리피안 그릴(숯) 이용 시 50 000원BBQ 하우스 그릴(가스) 이용 시 30 000원현장결제취소 및 환불 규정체크인일 기준 8일전 : 100% 환불체크인일 기준 7일전 : 80% 환불체크인일 기준 6일전 : 70% 환불체크인일 기준 5일전 : 60% 환불체크인일 기준 4일전 : 50% 환불체크인일 기준 3일전 : 40% 환불체크인일 기준 2일전~당일 및 Noshow : 환불불가취소  환불시 수수료가 발생할 수 있습니다확인사항 및 기타최대 인원 초과시 입실이 불가 합니다 (방문객 불가)전 객실 반려동물 출입이 불가합니다보호자 동반없는 미성년자는 이용하실 수 없습니다해당 이미지는 실제와 상이 할 수 있습니다성수기 기간동안 일부 객실의 경우 요금변동이 있을 수 있습니다수영장 운영은 날씨 또는 리조트 상황에 따라 변동 될 수 있습니다,1
 여수 오아시스 풀빌라&자쿠지펜션,전남 여수시 화양면 안포리 68215,7,펜션,//image.goodchoice.kr/resize_490x348/affiliate/2023/04/10/16/7f342cd2-c745-461f-8f72-c9d3bcb63da2-original.jpg,15443812,사장님 한마디                    아름다운 여수의 바다를 감상하실 수 있는 오션뷰 풀빌라입니다개별수영장이 준비된 객실과 와이파이  바비큐장  주차장이 있습니다                주변정보장등해수욕장 차량 13분백야도 차량 15분유월드루지테마파크 차량 25분공지사항도로명 주소 : 전라남도 여수시 화양면 화양로 784기본 정보입실 : 15:00 | 퇴실 : 11:0020시 이후 입실 시 사전문의 (필수)전 객실 금연주차 가능객실 정보자쿠지 : 1회 30 000원 (현장결제)   우천 시 이용 가능   입욕제 사용 불가201호  202호 풀빌라 수영장비용 : 냉수 50 000원   온수 70 000원(현장결제)   풀빌라 객실 미온수 이용 여부 예약과 동시에 자동 신청   미온수 온도 30~32도   크기 2M   6M야외 온수수영장 : 무료 30~32도   11~4월 미운영인원 추가 정보기준 인원 외 추가요금 현장결제1인 20 000원 (영유아 포함)풀빌라 객실 : 1인 30 000원 (영유아 포함)영유아 인원수 포함   최대인원 초과불가현장 결제펜션 서비스공용 수영장 크기 : 3M   7M바비큐 시설101~104호 바비큐 비용 : 4인 30 000원 (숯 추가 10 000원)105~106호  201~202호 전기그릴 비용 : 1회 30 000원바비큐장 구비현장 결제취소 및 환불 규정숙박일 기준 6일전 : 100% 환불숙박일 기준 5일전 : 90% 환불숙박일 기준 4일전 : 80% 환불숙박일 기준 3일전 : 70% 환불숙박일 기준 2일전 : 50% 환불숙박일 기준 1일전 : 30% 환불숙박일 당일 및 Noshow : 환불불가취소  환불시 수수료가 발생할 수 있습니다확인사항 및 기타최대 인원 초과시 입실이 불가 합니다 (방문객 불가)객실 내 육류  튀김류  생선류 조리를 할 수 없습니다전 객실 애완동물 출입이 불가합니다보호자 동반없는 미성년자는 이용하실 수 없습니다해당 이미지는 실제와 상이 할 수 있습니다이용시설의 분실 및 훼손의 책임은 이용자에게 있으니 주의부탁드립니다객실 내에서는 화재위험물질 (화약  폭죽 등)은 사용 하실 수 없습니다 (화재로 인한 책임은 이용자에게 있습니다)쓰레기는 지정된 장소에 분리하여 주시기 바랍니다위의 정보는 펜션의 사정에 따라 변경될 수 있습니다성수기 기간동안 일부 객실의 경우 요금변동이 있을 수 있습니다수영장 운영은 날씨 또는 펜션 상황에 따라 변동 될 수 있습니다,2
 목포 호텔 투썸  twosome,전남 목포시 상동 10113,9.8,모텔,//image.goodchoice.kr/resize_490x348/adimg_new/69621/417444/abcf360da4db301d7cef6a9482c9f5d0.jpg,050440050778,사장님 한마디                    ••입실시 기준 인원은 2인이며  추가 인원시 현장에서 추가요금 결제됨을 알려드립니다. 3인 이상 혼숙은 금지입니다.•객실은 체크인시 배정되며  상기 이미지와 다를 수 있습니다. •미성년자 혼숙 금지입니다.•객실당 최대인원을 초과할 수 없으며  추가 침구류는 제공되지 않습니다.•상기 이미지의 객실 예약을 원하실 경우  프런트로 문의 부탁드립니다•성수기 및 특정일  공휴일(전일 포함)에는 요금변동이 있을 수 있습니다.•애완동물 동반 입실 불가합니다.                주차장 정보■ 호텔 1층 내부 주차장 이용가능 ■ 호텔 내부주차장 만차 시  제 2 주차장으로 이용해주시기 바랍니다 (탑차주차가능  도보 1분거리) ■ 제 2 주차장 주소 : 목포시 상동 10085■ 게이트 비밀번호 프론트 문의 061) 281  7450총 24대 주차시설 보유주변 정보목포 평화광장(바다분수) 차량 약 3분 거리목포역 차량 약 13분 거리전남도청 차량 약 7분 거리 목포 해상 케이블카 차량 약 15분 거리목포 버스터미널 차량 약 10분 거리목포 갓바위 차량 약 5분 거리목포 자연사박물관 차량 약 5분 거리목포대학교 차량 약 17분 거리목포 근대역사관 차량 약 15분 거리목포 대반동  목포대교 차량 약 17분 거리무안 컨트리클럽(무안CC) 차량 약 33분 거리영암 사우스링스CC 차량 약 18분 거리객실내부 시설전객실 최상급 프리미엄 침대전객실 오리털 침구류전객실 삼성 65in.TV전객실 넷플릭스   유튜브 무료전객실 삼성 에어드레서전객실 삼성 공기청정기전객실 에스뷰티 헤어드라이기 고데기전객실 노비타 프리미엄 비데최상층 펜트하우스 테라스 객실 보유프런트 및 그 외 시설.,3
 목포 클라우드 인 호텔 평화광장점,전남 목포시 상동 10331,9.9,호텔,//image.goodchoice.kr/resize_490x348/affiliate/2023/08/18/64dec59b5e57b.jpg,0612873714,사장님 한마디                    모든 투숙객은 조식을 무료로 이용하실 수 있으며  전 객실 공기청정기와 스타일러를 비치하여 쾌적하고 편안한 투숙 환경을 제공합니다                주변정보목포자연사박물관 차량 4분목포옥암수변생태공원 차량 6분임성리역 차량 10분기본정보체크인 : 15:00 | 체크아웃 : 12:0022시 이후 체크인 시 호텔 프론트 문의무료 WiFi전 객실 금연Bath Amenity (치약  칫솔 무료)주차 가능 (무료)인원 추가 정보기준 인원 외 추가 시  침구 포함 1인 20 000원(만 13세 이상~성인)  10 000원(만 12세 이하)침대 추가 불가영유아 인원수 포함   최대 인원 초과 불가현장 결제투숙객 혜택짐 보관 가능프린트 이용 가능전 객실 넷플릭스 이용 가능 (호텔 계정)조식 무료부대시설 정보카페테리아   1층   00:00~24:00조식 정보카페테리아   1층   07:00~10:00토스트  커피  시리얼  구운 계란  컵라면취사 시설펜트하우스 객실 : 간단 취사 가능객실 내 육류  튀김류  생선류 조리 금지취소 및 환불 규정체크인일 기준 1일 전 24시까지 : 100% 환불체크인일 기준 당일 및 Noshow : 환불 불가취소  환불 시 수수료가 발생할 수 있습니다확인사항 및 기타위의 정보는 호텔의 사정에 따라 변경될 수 있습니다미성년자는 보호자 동반 없이 이용이 불가합니다이미지는 실제와 상이할 수 있습니다체크인 시 배정 상품 또는 베드 타입이 미기재된 상품은 특정 객실과 베드 타입을 보장하지 않습니다객실가는 세금  봉사료가 포함된 금액입니다,4
 여수 스테이 더 슬립,전남 여수시 학동 75,7,펜션,//image.goodchoice.kr/resize_490x348/affiliate/2023/06/02/11/5244cf8c-7861-4d2f-b581-f1390b0a0f12-original.jpg,15443812,사장님 한마디                    모던한 인테리어와 아늑하게 휴식할 수 있는 펜션입니다침대방  2인실  복층  가족실 등 다양한 객실들이 갖춰져 있습니다                주변정보오동도 차량 22분돌산공원 차량 22분여수낭만포차거리 차량 24분기본 정보입실 : 15:00 | 퇴실 : 11:0020시 이후 입실 시 사전문의 (필수)전 객실 금연주차 가능인원 추가 정보1인 20 000원 (영유아 포함)영유아 인원수 포함   최대인원 초과불가기준 인원 외 추가 요금 사전입금 (계좌이체)바비큐 시설전 객실 바비큐 이용 불가취소 및 환불 규정숙박일 기준 6일전 : 100% 환불숙박일 기준 5일전 : 90% 환불숙박일 기준 4일전 : 80% 환불숙박일 기준 3일전 : 70% 환불숙박일 기준 2일전 : 50% 환불숙박일 기준 1일전 : 30% 환불숙박일 당일 및 Noshow : 환불불가취소  환불시 수수료가 발생할 수 있습니다확인사항 및 기타최대 인원 초과시 입실이 불가 합니다 (방문객 불가)객실 내 육류  튀김류  생선류 조리를 할 수 없습니다전 객실 애완동물 출입이 불가합니다보호자 동반없는 미성년자는 이용하실 수 없습니다해당 이미지는 실제와 상이 할 수 있습니다이용시설의 분실 및 훼손의 책임은 이용자에게 있으니 주의부탁드립니다객실 내에서는 화재위험물질 (화약  폭죽 등)은 사용 하실 수 없습니다 (화재로 인한 책임은 이용자에게 있습니다)쓰레기는 지정된 장소에 분리하여 주시기 바랍니다위의 정보는 펜션의 사정에 따라 변경될 수 있습니다성수기 기간동안 일부 객실의 경우 요금변동이 있을 수 있습니다,5
 깔라까따 호텔 & 리조트,전남 여수시 돌산읍 평사리 140550,9.1,호텔,//image.goodchoice.kr/resize_490x348/affiliate/2023/06/19/64900baf33ed3.jpg,0616435005,사장님 한마디                    현대적이고 이국적인 감성으로 가득찬 클럽YP & 스위트에서 멋진 바다와 노을을 감상하며 소중한 추억을 남길 수 있습니다                주변정보무슬목해변 차량 7분여수엑스포역 차량 9분아쿠아플라넷 여수 차량 10분기본정보체크인 : 15:00 | 체크아웃 : 11:0022시 이후 체크인 시 호텔 프론트 문의무료 WiFi전 객실 금연Bath Amenity (치약  칫솔 미제공)주차 무료인원 추가 정보기준인원 외 추가 시  1인 15 000원 (13세 이상~성인)  10 000원 (36개월 이상~12세 이하)  36개월 미만 무료침구 추가 : 1채당 20 000원영유아 인원수 포함   최대인원 초과 불가현장 결제투숙객 혜택짐 보관 가능전 객실 넷플릭스 이용 가능 (개인 계정)부대시설 정보인피니티풀   2023년 운영 종료 (포토존으로만 운영  수영장 이용 불가)취사 시설전 객실 취사 불가조식 정보마린테리아   라테라스 리조트 코브스위트B동 1층   09:00~10:001인 기준 황태 해장국 12 000원  육개장 12 000원  불고기덮밥 13 000원현장 결제라테라스 리조트 시설 안내라테라스 리조트 주소 : 전남 여수시 돌산읍 진모1길 2912상세 이용 정보는 클럽YP & 스위트로 문의 바랍니다상황에 따라 운영 시간 및 규정이 변경될 수 있습니다안전사고 예방을 위하여 수영장 내에서 뛰지 마십시오음주 및 약물복용 후 이용을 자제해 주시기 바랍니다[23년 7월 1일~8월 31일]인피니티풀  패밀리풀 09:00~21:00   키즈워터파크  실내수영장 09:00~19:00이용 요금 (1인 기준)1) 23년 7월 1일~7월 20일  8월 21일~8월 31일 월~목요일 : 종일권 40 000원(투숙객 20% 적용 32 000원)  오전권 또는 야간권 21 500원(투숙객 할인 없음) 금~일요일 : 종일권 45 000원(투숙객 20% 적용 36 000원)  오전권 또는 야간권 24 000원(투숙객 할인 없음)2) 23년 7월 21일~8월 20일종일권 50 000원(투숙객 20% 할인적용 40 000원)  오전권 또는 야간권 28 000원(투숙객 할인 없음)[패밀리풀]수심 1.2m   150cm 이하 구명조끼 착용 필수  160cm 이하 보호자 동반 입수 필수[키즈 워터파크]5종 슬라이드   최고수심 50cm   1m 이하 구명조끼 착용 필수  120cm 이하 보호자 동반 입수 필수[실내 수영장]키즈 슬라이드: 수심 75cm   실내 슬라이드: 1m 이하 구명조끼 착용 필수  120cm 이하 보호자 동반 입수 필수메인풀: 수심 1.3cm   미성년자 최소 키 150cm 이상 입수 가능 (단  구명조끼 착용 및 보호자 동반 입수 필수)  160cm 이하 구명조끼 착용 필수 (튜브 이용 시에도 필수 착용)부대시설BBQ 캠핑장(야외)  1부 18:00~20:00  2부 20:00~22:00 실내 바베큐 미운영BHC치킨   라테라스 클럽호텔A 1층 13:30~21:30CU 편의점  라테라스 코브스위트A 1층 08:00~24:00XOXO핫도그앤커피  라테라스리조트 1층 11:30~19:30투썸플레이스  라테라스 클럽호텔A 1층 일~목 08:0021:30 금~토 08:00~22:30ON PLAY게임존  09:0022:00이자카야 만카이   일식당   18:00~24:00취소 및 환불 규정체크인일 기준 8일 전 : 100% 환불체크인일 기준 7일 전 : 80% 환불체크인일 기준 6일 전 : 70% 환불체크인일 기준 5일 전 : 60% 환불체크인일 기준 4일 전 : 50% 환불체크인일 기준 3일 전 : 40% 환불체크인일 기준 2일 전~당일 및 Noshow : 환불 불가취소  환불 시 수수료가 발생할 수 있습니다확인사항 및 기타위의 정보는 호텔의 사정에 따라 변경될 수 있습니다이미지는 실제와 상이할 수 있습니다미성년자는 보호자 동반 없이 이용이 불가합니다체크인 시 배정 상품 또는 베드 타입이 미기재된 상품은 특정 객실과 베드 타입을 보장하지 않습니다객실가는 세금  봉사료가 포함된 금액입니다,6
 순천 YAJA 순천조례점,전남 순천시 조례동 17224,9.7,모텔,//image.goodchoice.kr/resize_490x348/adimg_new/73816/499346/8c44eb189c84db3de6d0a96fe848fe69.jpg,050440310318,사장님 한마디                    YAJA 순천조례점은 순천여행의 중심입니다.흰색을 기반으로 아늑하게 꾸며진 YAJA 순천조례점 객실은 전 객실 라텍스 매트리스부터 각 객실마다 욕조  스타일러  공기청정기  커플pc 등 다양한 옵션이 함께 하는 곳이에요 순천역에서 차량으로 5분 거리에 위치한 이곳은 유명 드라마들을 찍은 드라마세트장이 차량으로 5분  계절마다 색다른 감성을 선물하는 순천만국가정원을 차량으로 10분이면 방문할 수 있습니다. 순천 관광지가 다 가깝게 있어 여행 코스의 효율성을 높여준답니다.                주차장 정보전기차 충전기완비총 20대 주차시설 보유주변 정보순천버스터미널까지 3.3km 차량 10분순천역까지 3.1km 차량 11분순천만국가정원까지 3.9km 차량 13분순천만습지까지 11.1km 차량 23분순천드라마세트장까지 2.2km 차량 6분객실내부 시설❤호텔야자를 소개합니다.❤주소 : 전남 순천시 남신월길 8프런트 문의전화 : 0617249856넷플릭스 무료시청(전객실가능)전객실 드라이기 가운 비치전객실 멀티충전기(무선 충전기) 설치전객실 라텍스매트리스와 호텔식 침구객실내 무료 wifi전기차충전기20대이상 주차할수있는 넉넉한 주차장❤호텔야자 편의시설미니간식바 운영(프런트앞)9층 카페테리아조식 운영 빵 우유 씨리얼 즉석라면조리기 (710시)9층 루프탑 야간오픈(~12시)보드게임 대여(프런트 문의)❤9층 비지니스 공간 대여9층 비지니스공간 대여합니다.시간:오전 오후 야간시간tv   미니당구대  취사가능대여가능합니다.자세한 사항은 프런트로 문의주세요0617249856				 ,7
 목포 호텔 라임,전남 목포시 상동 877,9.8,모텔,//image.goodchoice.kr/resize_490x348/adimg_new/65585/317506/10634fb25ee451fa435763a296e43b4f.jpg,050440082802,사장님 한마디안녕하세요. 목포 호텔 라임(Hotel Lime) 목포점입니다.   호텔 라임(Hotel Lime)은 쾌적함과 감각적인 인테리어를 기반으로 고객님께 가장 편안한 휴식을 제공합니다.목포 여행의 시작과 끝은  호텔 라임과 함께하세요. 방문해주시는 모든 고객분들께  소중한 하루를 선물하겠습니다.주차장 정보    내부 주차장 만차 시  제 2 주차장으로 이용해주시기 바랍니다.(30대 주차시설 보유  탑차 이용가능  도보 2분 거리)       신주소 : 목포시 신흥로 69번길 5       구주소 : 목포시 상동 875    총 15대 주차시설 보유주변 정보목포 평화광장까지 차량으로 2분거리목포 종합버스 터미널까지 1.4km  차량으로 5분 거리목포역까지 5.3km  차량으로 약 17분 거리목포 해상 케이블카 북항 승강장까지 6km  차량으로 약 20분 거리목포 갓바위까지 1.5km 차량으로 6분 거리목포 문화의거리까지 2km  차량으로 7분거리객실내부 시설전객실 넷플릭스 UHD화질 무료제공전객실 유튜브 무료제공전객실 아마존프라임 플랫폼 제공전객실 4K UHD 65인치 스마트 TV전객실 삼성 에어드레서 설치전객실 삼성 공기청정기 설치전객실 드라이기 고대기 구비전객실 매일매일 새 침구류 제공전객실 프리미엄 라텍스 7존 독립 스프링 매트리스 셋팅!전객실 프리미엄 비데 설치완료전 층 전자렌지 구비1층 로비 제빙기 구비(아이스커피 제공)최고급 원두커피 머신 구비(DM200RF)매일 아침 다양한 조식제공(양송이 스프  토스트  아이스커피  주스  씨리얼 등등...)애완동물 동반 입실 불가 추가 안내사항목포 호텔 라임(Hotel Lime) 목포점  약속★저희 호텔 라임(Hotel Lime)은 코로나19 바이러스를 예방하기 위해 방역 소독 전문업체에서 건물전체 방역 소독을 마친 상태이며 자체적으로 매일 객실내 비품과 손잡이등을 소독 진행하고 있습니다(당분간 소독약 냄새가 나더라도 양해 부탁드립니다.)전 직원 마스크 착용  프론트 손소독제 배치를 통해 청결을 유지하고 있습니다.고객님들의 안전과 편안한 휴식 공간을 제공하기 위해 항상 노력하는 목포 호텔 라임(Hotel Lime) 목포점이 되겠습니다.감사합니다.,8
 목포 주노호텔 B동,전남 목포시 상동 1896,9.6,모텔,//image.goodchoice.kr/resize_490x348/adimg_new/75681/533909/565ad4541c9b6743c0fb4e55c2679d75.jpg,050240224894,사장님 한마디                    입실안내전용 주차장에 주차하시고 B동 주노호텔건물 1층 자동문 들어오시면 프론트와 무인기 있습니다. 애견동반가능숙소 입니다. 미리 연락주시면 감사하겠습니다^^!(애견동반 시 외출하실 땐 강아지를 숙소에 두고 나가시면 안됩니다.)애견 동반시 객실비용 + 30000원 추가(청소비용) + 애견비용 별도(전화 예약시 할인 가능합니다^^~!)  전객실 금연객실    장애인 수송차량 상시대기  침구추가 있으신 분들은 예약 후 체크인당일 미리 말씀해주시면 감사하겠습니다. 침구추가 비용은 1인 15000원입니다.061 273 9600 9700주차장 정보건물바로 옆 주노무인호텔 전용 주차장   카메라 24시 주차 입출기록 확인여부가능   건물내 주차장 완비전기자동차 충전소2대   장애인 주차장2대 (a동앞)숙소이용고객 차량번호 등록필수 (미동륵시 유료요금발생)총 40대 주차시설 보유객실내부 시설스탠다드  킹사이즈 최고급 침구류  최고급 하이브리드 매트리스 넷플릭스 이용가능   에어컨   비데설치 온돌 최대 4인 이용(2인이상 추가요금 발생)인원추가 있으신분들은 미리 호텔로 연락주세요 침구추가 하시는 분들 많으셔서 미리 안하시면 침구 추가 어렵습니다.패밀리 최대 6인이용가능 (4인이상추가요금 발생)킹사이즈 침대  더블싱글2  패브릭소파  다인용테이블   2인테이블  비데프런트 및 그 외 시설1층 라운지 스낵바 조식 이용가능 (빵  계란  커피  시리얼  라면 등) 조식 이용시간 오전7시~12시까지 이용가능 컴퓨터 사무 팩스 무료 사용가능연박손님 세탁기 건조기 사용가능(세재 요금별도)애견동반가능 숙소 7층 옥상 인조잔디 설치완료(전화예약받습니다.)장애인 수송차량 상시대기,9
 광양 투 드라이브인 무인호텔,전남 광양시 중동 18143,9.9,모텔,//image.goodchoice.kr/resize_490x348/adimg_new/74264/508366/f5a19efdad79342980e7168aa28c10d5.jpg,050440097492,사장님 한마디                    ★2023년 4월 GRAND OPEN★전남 광양시 중동 광양항에 위치한 TWO 드라이브 인 무인호텔입니다.  고객분들께 청결하고 쾌적한 환경을 제공하기 위해 항상 노력하겠습니다  입실 전 프런트에 연락 부탁드리며 무인텔 특성상 예약 후 입실 예정시간을 안내실에 꼭 말씀해주세요^^오픈초라 다소 미흡한점이 있을 수 있으나 예쁘게 봐주시고 건의사항이나 불편사항은 연락시 바로 조치를 취하도록 하겠습니다.문의사항이나 불편하신 점이 있으시면010 7788 3860바로 연락주세요.앱에 방이 없거나 출장시 가격문의는 별도로 77883860으로 연락주시면 최대한 맞춰서 진행해 드립니다. 편하게 연락주시면 감사하겠습니다 예약문의는 가급적이면 전날 오후나 당일 오후에 연락주시면 친절히 상담해 드리겠습니다.  감사합니다.대표이사 직통 010 5888 8550감사합니다^^                주차장 정보총 25대 추차시설 보유 (드라이브인 포함)드라이브 인 1대 1 DRIVE IN 구간 15대 보유3층 도보고객들은 3층 입구 전용 주차장 보유 및 주변 주차가능10대이상 보유총 20대 주차시설 보유주변정보  홈플러스 광양점 차량 1분 도보 3분 거리 위치  CU락희호텔점 약 200미터 안에 위치  광양중마버스터미널 차량 3분이내 거리 이순신대교 도보 1분이내 거리  광양시청 차량 5분이내 거리 광양 POSCO 산업단지 차량 5분이내 거리  광양CC퍼블릭 차량 7분이내 거리 가야산 차량 10분이내 위치 여수 여천공단18km  차량으로 약 25분 이내 거리 광양역 차량 15분이내 거리 광양항 차량 3분이내 거리 순천 드라마세트장 차량15분이내 거리 순천 정원박람회 차량 15분이내 거리 여수 세계박람회 차량 15~20분 거리 여수 아쿠아리움 차량 15~20분 거리 여수 울산대교(향일암)차량 15~20분 거리 여수 해상케이블카 차량 10~20분 거리 여수 오동도 차량 15~20분 거리 여수 낭만포차거리 차량 20분 거리 여수 이순신광장 15~20분 거리 여수 예술랜드 차량 15~20분 거리객실내부 시설2023.04 그래드 가오픈현재 KT사용중이신 고객님은 통화에 불편이 있으실 수 있사오니 전화가 중요한 고객님은 신중히 고려해서 예약해 주시길 간곡히 부탁드립니다.각 객실에 오픈형 기가와이파이가 설치되어있으니 데이터는 불편없이 이용가능하고  넷플릭스도 무료시청 가능하나 간혹 오류가 있으니 이때는 프론트로 바로 연락주세요^^1]전객실 대형사이즈 룸2]전객실 75인치티비3]전객실 LG스타일러4]전객실 비데5]전객실 공기청정기6]전객실 드라이기고데기세트7]전객실 3가지타입 충전기8]전객실 유튜브 시청9]전객실 넷플릭스 무료시청가능10] 드라이브 인 스루 1객실 1주차11]프리미엄 이상 안마의자 욕조 설치12]3층 스넥존 오픈프런트 및 그 외 시설컴퓨터 준비중  디럭스 트윈객실 준비중 온돌 프리미엄 트리플룸 준비중 아직 가오픈 기간이라 미흡한 점이 많사오니 죄송하지만 양해 부탁드립니다.이용간 불편이나 문의사항은 010 7788 3860으로 언제든지 연락주세요.현장고객은 늦은입실시 최대한 12시간 기준 맞춰서 늦은 퇴실 해드리오니 전화주세요!!현재 KT통화 품질에 이상이 있사오니 KT사용자께서는 전화가 중요하시면 추후에 이용을 정중히 부탁드립니다.감사합니다^^대표이사 직통 : 010 5888 8550,10
 나주 듀플렉스 레지던스 호텔,전남 나주시 빛가람동 2872,9.6,모텔,//image.goodchoice.kr/resize_490x348/adimg_new/71180/21790/b52c001a22aa7c061fb37561e64831a0.jpg,050214871621,사장님 한마디                    ★★ 예약 전  꼭 읽어주세요!!!★★★화재 위험으로 인해 중장기 레지던스 객실을 제외한 모든 객실에 취사가 금지됩니다.★당 호텔은 청소년의 혼숙이 불가능합니다. 또한 동성간이라도 법정보호자가 동반하지 않으면 입실거부되며 취소 및 객실료 환불 불가능합니다. (신분증 확인필요)★기준인원 2인 (최대 3인)까지 투숙 가능합니다. (인원 추가요금 1만원  침구포함 바닥토퍼 불포함 현장결제)침구&토퍼추가 대여는 사전예약제이며 호텔로 미리 전화예약 해주시길 바랍니다.★체크인시 객실배정되며  상황에 따라 객실비품이 화면과 다를 수 있습니다. (스타일러&공기청정기 없는 객실로 배정될 수 있습니다. 원하시는 분께서는 호텔로 요청연락주십시오.)★정부의 일회용품 사용자제 권고로 인해 일부 어매니티(면도기  클렌징폼  스킨&로션  슬리퍼 등)를 프론트에 비치하고 있습니다. 필요하신 고객님께서는 체크인 시 프론트에 요청해주십시오.★2022.06 전기차충전소 설치완료!!  제1지하주차장 + 제2지상주차장 보유하고 있습니다.듀플렉스 호텔은 호남의 중심 나주에서 최초로 선보이는 전 세대 복층형 레지던스 호텔입니다.나주혁신도시의 중앙  한전공대 맨 앞자리 도보 5분 거리에 위치한 듀플렉스 레지던스 호텔은 최초로 전 세대 복층형으로 구성되어 있습니다.호텔 내부에 정원  테라스  넓은 휴게 공간이 마련되어 있어 품격을 높인 호텔형 레지던스입니다. 규모는 지하1층 ~ 지상8층  전체 301 객실을 보유하고 있으며  객실 안에는 세탁기  스타일러 등의 편의 시설을 갖추어 집처럼 편히 쉴 수 있는 호텔 환경을 제공하겠습니다.                주차장 정보지하 제 1 주차장이 만차인 경우  호텔 건너편 제2주차장(1층에 유유샤브위치) 3F5F을 이용해주시기 바랍니다. (전기차충전소는 지하주차장에 1곳 제2주차장 5층에 2곳  총 3곳이 마련되어있습니다.) 체크인시  프론트에 차량등록을 해주시길 바랍니다.총 100대 주차시설 보유주변 정보빛가람혁신도시체육공원 2.1km  차량 5분나주역 7.8km  차량 15분나주시청 8km  차량 15분나주시외버스터미널 9km  차량 15분영산포공용버스터미널 10km  차량 20분객실내부 시설공통 어메니티 : 무료 WIFI  HD TV  생수 2병  헤어 드라이기  스타일러&공기청정기 구비(일부 객실)  비데스위트 테라스 객실 한정 어메니티 : 샤워가운  일리 커피머신화재 위험으로 인해 중장기 레지던스 객실을 제외한 모든 객실에 취사가 금지됩니다.전객실 금연입니다.프런트 및 그 외 시설다양한 먹거리를 즐길 수 있는 식당들이 호텔 1층에 입점되어 있습니다.예약 및 문의사항은 아래의 업장으로 연락주시길 바랍니다. 빽다방(0613324502)  08:00 ~ 20:00 오롯이 이자카야(0619307977)  18:00 ~ 02:00 청담 계절음식점(0619304504)  10:30 ~ 22:00 (브레이크타임 : 15시17시) 이마트24 편의점 :  (24시부터 오전7시까지 무인으로 운영됩니다) 무인시간에는 주류 및 담배 구입이 제한됩니다.,1
 화순 HOTEL YAJA화순도곡점,전남 화순군 도곡면 원화리 594,9.9,모텔,//image.goodchoice.kr/resize_490x348/adimg_new/74886/519009/f6f4124c1e13dd2c6216b0f87a7f2b77.jpg,050440391215,사장님 한마디                    화순 HOTEL YAJA화순도곡점 GRAND OPEN !최고의 시설과 서비스 만나보세요 !최선을 다하겠습니다 :)                주차장 정보1실 1주차문의사항 프런트 연락 주세요 :)총 25대 주차시설 보유주변 정보화순도곡온천단지 내에 위치광주대학교 자동차 약 15분해피니스 C.C   J&J C.C 자동차 약 10분무등산 C.C   화순 C.C   조아밸리 C.C   엘리체 C.C   골드레이크 C.C 자동차 약 10분화순전남대병원 12KM  자동차 약 15분고인돌유적지 6.5km  자동차 약 10분화순군청 21KM  자동차 약 20분화순 도곡야구장 400M  자동차 약 2분 객실내부 시설전객실  공기청정기전객실 통합 OTT전객실 킹베드전객실 비데65인치 TV 객실 보유75인치 TV 객실 보유일체형 PC 객실 보유고사양 PC 객실 보유 스타일러 보유프런트 및 그 외 시설간편조식제공 07:30~9:30분까지,2
 여수 블루온 리조트&풀빌라,전남 여수시 돌산읍 평사리 산 562,7,펜션,//image.goodchoice.kr/resize_490x348/affiliate/2022/12/22/63a3a4a71d693.jpg,050213922650,사장님 한마디                    전 객실 파노라마로 펼쳐져 있는 바다를 마당 삼아 진정한 힐링을 경험해 볼 수 있는 풀빌라입니다인피니티풀과 비치 Bar  글램핑에서 바비큐 파티 불멍과 자쿠지까지 잊지 못할 추억 남길 수 있습니다                주변정보여수예술랜드 차량 13분여수해상케이블카 차량 21분향일암 차량 28분기본정보입실 : 15:00 | 퇴실 : 11:0022시 이후 입실 시 사전문의 (필수)무료 WiFi전 객실 금연주차 가능객실정보개별 수영장 : 스위트 A B   유료 (온수 10만원   여름 미온수 7만원)    동절기 운영시간 15:00~20:00 야외 자쿠지 : SUNSET OCEAN   유료 (온수 5만원 냉수 6월말~8월말 4만원)   동절기 운영시간 15:00~20:00글램핑장 : 글램핑장 내 전기사용 가능   전기난로  구이바다  휴대용버너  냉장고  전자레인지   정수기  밥솥  랜턴  도마  집게  가위  국자  칼  토치  냄비   앞접시  스텐그릇  믹싱볼  수저  나이프set  맥주잔  소주잔  막걸리잔인원 추가 정보1인 3만원(3세이상)(침구포함)영유아 인원수 포함   최대인원 초과불가현장 결제펜션 서비스시설 이용문의 및 비용 별도 펜션문의카페   무인편의점야외 공용수영장 (펜션 문의) : 무료캠프파이어   화로대블루투스 스피커드라이기   고데기 TV바비큐 시설숯+그릴 대여 : 펜션문의개별 바비큐 가능현장 결제취소 및 환불 규정숙박일 기준 11일전 : 100% 환불숙박일 기준 10일전 : 90% 환불숙박일 기준 9일전 : 80% 환불숙박일 기준 8일전 : 70% 환불숙박일 기준 7일전 : 60% 환불숙박일 기준 6일전 : 50% 환불숙박일 기준 5일전 : 40% 환불숙박일 기준 4일전 : 30% 환불숙박일 기준 3일전 : 20% 환불숙박일 기준 2일전 : 10% 환불숙박일 기준 1일전~당일 및 Noshow : 환불불가취소  환불 시 수수료가 발생할 수 있습니다확인사항 및 기타최대 인원 초과시 입실이 불가 합니다 (방문객 불가)객실 내 육류  튀김류  생선류 조리를 할 수 없습니다전 객실 애완동물 출입이 불가합니다보호자 동반없는 미성년자는 이용하실 수 없습니다해당 이미지는 실제와 상이 할 수 있습니다이용시설의 분실 및 훼손의 책임은 이용자에게 있으니 주의부탁드립니다객실 내에서는 화재위험물질 (화약  폭죽 등)은 사용 하실 수 없습니다 (화재로 인한 책임은 이용자에게 있습니다)쓰레기는 지정된 장소에 분리하여 주시기 바랍니다위의 정보는 펜션의 사정에 따라 변경될 수 있습니다성수기 기간동안 일부 객실의 경우 요금변동이 있을 수 있습니다수영장 운영은 날씨 또는 펜션 상황에 따라 변동 될 수 있습니다,3
 쏠비치 진도 리조트 ,전남 진도군 의신면 초사리 산 2876,9.4,호텔,//image.goodchoice.kr/resize_490x348/affiliate/2019/07/23/5d36bdec3a66a.jpg,15884888,사장님 한마디                    자연스럽고 소박한 시골 풍경과 앤틱의 빈티지함이 담긴 쏠비치 호텔리조트입니다진도의 환상적인 바다 전망과 어우러지는 호텔리조트입니다                주변정보뒷고랑 부근가계해수욕장 차량 9분운림산방 차량 18분이용 안내특가 및 패키지상품 2박 이상의 경우  1박씩 각각 예약 진행 하셔야 합니다[공지사항]코로나로 인하여 탄력적으로 운영되고 있습니다 이용 전 소노호텔&리조트 공식 홈페이지 내 영업장 운영시간 및 운영여부 사전확인 반드시 부탁드립니다[2023년 인피니티풀 하반기 휴장 안내]휴장 기간: 9월 19일~9월 21일기본정보체크인 : 15:00 | 체크아웃 : 11:00(입실 시간은 사업장에 따라 상이 할 수 있습니다)22시 이후 체크인 시 고객센터 문의무료 WiFi전 객실 금연Bath Amenity (치약  칫솔 제외)콘도형 객실 취사 가능주차 가능객실 이용안내취사형 객실내 취사가능하나 고기굽기 불가  클린형 객실 실외 공동 취사장 층별로 운영리조트 객실 3박 이상 투숙 시 무료 재실정비가 1회 진행됩니다 (오후 3시 이전 사전 요청 필수)3박 미만 리조트 객실에 대하여 재실정비는 운영하지 않습니다Pet Friendly 객실안내객실명 내 (Pet Friendly) 표기된 객실에 한하여 반려견 동반 가능진도군 [진돗개 보호육성법] 적요에 따라 반려견 등록증 필수 지참체크인 시 반려견 반입허가 신청서 작성 필요 (등록증 미지참 시 입실 불가)12kg 이하 소형견만 동반 입실 가능 (단  법적 맹견 기타 공격성이 강한 견종은 동반 투숙 불가)5대 접종+2년이내 광견병 접종확인서+2년이내 종합백신 접종확인서생후 5개월 미만 반려견 입실 불가(단  광견병 접종 완료 반려견은 가능)객실 타입별 반려견 동반 기준: 패밀리   스위트 기본 1마리(추가 1마리까지 가능)  1마리당 추가요금 3만원투숙 시 제공 물품: 방석  식기  배변판 패드  탈취제  물티슈  롤러 테이프  리드줄(리드줄 프런트 대여)엘리베이터  객실 복도에서는 유모차  가방 이용  반드시 반려견을 안고 이동그 외 공공지역 이동시 동물보호법에 의거 목줄착용필수  목줄길이 최대 1.5m 이내객실 내 반려견만 남겨두고 외출시 퇴실 조치(안전사고  분리불안으로 인한 짖음 등)식음업장 이용불가리조트 호텔 전 지역에서 반려견 배변 시 배설물은 고객이 직접 바로 치워야 함다른 고객 및 반려견에게 심한 짖음  공격성을 보이는 등으로 피해를 줄 경우 퇴실 조치인원 추가 정보기준인원 외 추가 시   1인 1박 당 11 000원   침구추가 1박당 25 000원영유아 인원수 포함   최대인원 초과불가현장결제부대시설 정보인피니티풀 (하절기운영)   웰컴센터 지하 2층   휴장기간 홈페이지 참고사우나 (하절기운영)셰프스 키친 (뷔페 레스토랑)   웰컴센터 지하 1층그릴하우스 (한식당)   야외광장   1층 씨푸드테이블 (로컬푸드 전문점)   웰컴센터 지하 1층THE PUB   웰컴센터 지하 1층커피&베이커리   웰컴센터 지하 1층어바니샵   웰컴센터 1층 굿앤굿스   지하 1층 코인세탁실   지하 2층 레전드히어로즈   지하 2층 노래방   지하 2층   지하 2층당구장   지하 2층탁구장   지하 2층 오락실   웰컴센터조식 정보셰프스 키친   웰컴센터 지하 1층   07:30~10:30 (운영시간은 영업장 상황에 따라 변경될 수 있으니 이용 전 홈페이지 참조)1인 39 000원 (성인)  23 000원 (초등학생)  16 000원 (37개월 이상~7세 이하)   증빙서류 지참 필수현장결제 및 프론트 문의취사 시설일부 객실 취사 가능취소 및 환불 규정취소 수수료는 체크인 1일자 기준으로  전체 예약 금액에 취소 접수한 일자의 수수료가 적용됩니다[비수기]체크인일 기준 5일 전 24시까지 : 0% 부과체크인일 기준 4~2일 전 23시까지 : 10% 부과체크인일 기준 2일전 23시 이후~1일 전 23시까지 : 20% 부과체크인일 1일전 23시 이후~당일 및 NoShow : 100% 부과 및 환불 불가취소 및 환불시 수수료가 발생할 수 있습니다[연휴 및 성수기] : 2023년 7월 21일~8월 26일  9월 27일~30일  10월 1일~2일  10월 6일~8일체크인일 기준 7일 전 24시까지 : 0% 부과체크인일 기준 6~2일 전 23시까지 : 10% 부과체크인일 기준 2일 전 23시 이후~1일 전 23시까지 : 20%부과체크인일 1일전 23시 이후~당일 및 NoShow : 100% 부과 및 환불 불가취소 및 환불시 수수료가 발생할 수 있습니다확인사항 및 기타객실 상품 (Room only) 만 구매할 경우  패키지 상품 증정이 어려우니 참고 부탁드립니다해당 호텔은 예약이 확정되지 않을 수 있습니다최대인원 초과시 입실 불가합니다위의 정보는 리조트의 사정에 따라 변경될 수 있습니다해당 이미지는 실제와 상이 할 수 있습니다체크인 시 배정 또는 베드타입 미기재 상품은 특정객실과 베드타입을 보장하지 않습니다해당 객실가는 세금  봉사료가 포함된 금액입니다수영장 운영은 날씨 또는 호텔 상황에 따라 변동될 수 있습니다체크인아웃시간은 현장 상황에 따라 변동될 수 있습니다입실일 기준 만 19세 미만의 경우 부모의 동행 또는 미성년자 숙박 동의서 제출 필수 (소노호텔&리조트 홈페이지에서 다운로드가능)미성년자 숙박 동의서는 입실하는 미성년자 전원 기재하여 제출하셔야 됩니다 (미 기재된 인원은 숙박 불가)미성년자 숙박 동의서 제출시에도 이성과의 혼숙  음주는 허용되지 않습니다 (적발시 퇴실조치),4
 여수 보네르 풀빌라&자쿠지펜션,전남 여수시 화양면 안포리 68213,7,펜션,//image.goodchoice.kr/resize_490x348/affiliate/2023/04/10/16/3878a5d5-3941-4971-8869-1bed2b3a45ec-original.jpg,15443812,사장님 한마디                    아름다운 여수의 바다를 감상하실 수 있는 오션뷰 풀빌라입니다개별수영장이 준비된 객실과 와이파이  바비큐장  주차장이 있습니다                주변정보장등해수욕장 차량 12분백야도 차량 14분유월드루지테마파크 차량 21분공지사항도로명 주소 : 전라남도 여수시 화양면 화양로 7842기본 정보입실 : 15:00 | 퇴실 : 11:0020시 이후 입실 시 사전문의 (필수)전 객실 금연주차 가능객실 정보자쿠지 비용 : 1회 30 000원 (현장결제)   우천 시 이용 가능   입욕제 사용 불가201호  202호 풀빌라 수영장비용 : 냉수 50 000원   온수 70 000원(현장결제)   풀빌라 객실 미온수 이용 여부 예약과 동시에 자동 신청   미온수 온도 30~32도   크기 2M   6M야외 온수수영장 : 무료 30~32도   11~4월 미운영인원 추가 정보기준 인원 외 추가요금 현장결제1인 20 000원 (영유아 포함)풀빌라 객실 : 1인 30 000원 (영유아 포함)영유아 인원수 포함   최대인원 초과불가현장 결제펜션 서비스공용 수영장 크기 : 3M   7M바비큐 시설101~104호 바비큐 비용 : 4인 30 000원 (숯 추가 10 000원) 현장결제105~202호 웨버 그릴 비용 : 1회 30 000원 현장결제바비큐장 구비현장 결제취소 및 환불 규정숙박일 기준 6일전 : 100% 환불숙박일 기준 5일전 : 90% 환불숙박일 기준 4일전 : 80% 환불숙박일 기준 3일전 : 70% 환불숙박일 기준 2일전 : 50% 환불숙박일 기준 1일전 : 30% 환불숙박일 당일 및 Noshow : 환불불가취소  환불시 수수료가 발생할 수 있습니다확인사항 및 기타최대 인원 초과시 입실이 불가 합니다 (방문객 불가)객실 내 육류  튀김류  생선류 조리를 할 수 없습니다전 객실 애완동물 출입이 불가합니다보호자 동반없는 미성년자는 이용하실 수 없습니다해당 이미지는 실제와 상이 할 수 있습니다이용시설의 분실 및 훼손의 책임은 이용자에게 있으니 주의부탁드립니다객실 내에서는 화재위험물질 (화약  폭죽 등)은 사용 하실 수 없습니다 (화재로 인한 책임은 이용자에게 있습니다)쓰레기는 지정된 장소에 분리하여 주시기 바랍니다위의 정보는 펜션의 사정에 따라 변경될 수 있습니다성수기 기간동안 일부 객실의 경우 요금변동이 있을 수 있습니다수영장 운영은 날씨 또는 펜션 상황에 따라 변동 될 수 있습니다,5
 목포 째즈호텔,전남 목포시 상동 10071,9.7,모텔,//image.goodchoice.kr/resize_490x348/adimg_new/72948/483251/a515cd9f1509a4a94c3826c6a8763e50.jpg,050214896479,주차장 정보도보로 예약하시고 오신 고객분들은 그시간당시에 자리가있어도 주차불가능합니다1객실 1차량 도보이용객 미보고 차량 퇴거 부탁드립니다총 25대 주차시설 보유,6
 여수 뷰가리조트,전남 여수시 돌산읍 우두리 49313,7,펜션,//image.goodchoice.kr/resize_490x348/affiliate/2023/07/04/64a37f07d98a8.jpg,050440667849,사장님 한마디                    사계절 미온수 인피니티풀을 즐길 수 있는 독채 복층형 신축 펜션입니다밀물  썰물의 아름다운 오션뷰를 감상하며 여유로운 시간을 보낼 수 있습니다                주변정보돌산대교 차량 7분여수해상케이블카 차량 8분여수낭만포차거리 차량 16분기본정보입실 : 15:00 | 퇴실 : 11:0022시 이후 입실 시 사전문의 (필수)무료 WiFi전 객실 금연주차 가능객실정보스파 (사계절 운영) : 무료   이용시간 제한없음 (단 22시이후로 매너타임)   자유복장개별 수영장 (사계절 운영) : 사계절 미온수 이용료 포함 (추가요금 없음)   이용시간 제한없음   수영복  래쉬가드  스포츠웨어  기능성웨어 착용인원 추가 정보1인 20 000원 (연박시 1박당발생)영유아 인원수 포함   최대인원 초과불가침구 추가 : 인원추가와 별도로 1인침구 20 000원현장 결제펜션 서비스시설 이용문의 및 비용 별도 펜션문의공용 수영장 (사계절 운영) : 무료   15:00~22:00 (하절기만 09:00~10:30 이용가능) (동절기만 15:00~21:00 이용가능)   수영복  래쉬가드  스포츠웨어  기능성웨어 착용트램펄린풀사이드테라스탈수기   상비약 구비짐보관   카드결제 가능바비큐 시설그릴 대여 : 객실당 20 000원객실 내 바비큐 이용시간 제한없음 (22시이후 추가 불가능)개별 바비큐 가능바비큐 세트 : 체크인 시 문의   일~목요일 마지막 주문 PM 05:20까지   배송 6:00까지   금  토 약 1시간 연장 운영한돈 2인 세트 (삼겹살 300g+ 목살 300g) + 사이드 PKG 그릴 사용 요금 포함 80 000원 (이베리코 목살 500g 변경 시 95 000원)한돈 4인 세트 (삼겹살 600g+ 목살 600g) + 사이드 PKG 2세트 그릴 사용 요금 포함 140 000원1+한우 2인 세트 (등심 갈빗살 400g)+ 사이드 PKG 그릴 사용 요금 포함 110 000원 (1+한우 티본 500g 세트로 변경 시 110 000원사이드 PKG 구성품 : 수제 소시지 2EA  새우 4미  음료 2캔  즉석밥 2EA  라면 1봉  쌈 야채류  파인애플 2조각  파프리카  파채 (소스)  쌈장  솔트  갓김치현장 결제취소 및 환불 규정숙박일 기준 6일전 : 100% 환불숙박일 기준 5일전 : 90% 환불숙박일 기준 4일전 : 80% 환불숙박일 기준 3일전 : 70% 환불숙박일 기준 2일전 : 50% 환불숙박일 기준 1일전 : 30% 환불숙박일 당일 및 Noshow : 환불불가취소  환불 시 수수료가 발생할 수 있습니다청정 바닷가와 주변 자연환경의 특성상 간혹 곤충이나 벌레가 나타날 수 있으며 이는 환불 사유가 되지 않습니다확인사항 및 기타최대 인원 초과시 입실이 불가 합니다 (방문객 불가)객실 내 육류  튀김류  생선류 조리를 할 수 없습니다전 객실 애완동물 출입이 불가합니다보호자 동반없는 미성년자는 이용하실 수 없습니다해당 이미지는 실제와 상이 할 수 있습니다이용시설의 분실 및 훼손의 책임은 이용자에게 있으니 주의부탁드립니다객실 내에서는 화재위험물질 (화약  폭죽 등)은 사용 하실 수 없습니다 (화재로 인한 책임은 이용자에게 있습니다)쓰레기는 지정된 장소에 분리하여 주시기 바랍니다위의 정보는 펜션의 사정에 따라 변경될 수 있습니다성수기 기간동안 일부 객실의 경우 요금변동이 있을 수 있습니다수영장 운영은 날씨 또는 펜션 상황에 따라 변동 될 수 있습니다,7
 여수 벨르 오션뷰&풀빌라,전남 여수시 화양면 안포리 6965,7,펜션,//image.goodchoice.kr/resize_490x348/affiliate/2023/10/05/13/b28edb1a-670e-45b6-8590-e0ee91abd99f-original.jpg,15443812,사장님 한마디                    아름다운 해수욕장으로 불리는 장등해수욕장이 차로 15분 거리에 있는 펜션입니다돌산 공원  오동도  여수 낭만포차 거리  아쿠아플라넷 등 다양한 주변 명소가 있습니다                주변정보장등해수욕장 차량 15분여자만해넘이전망대 차량 18분유월드루지테마파크 차량 30분공지사항객실 정비 및 숙소 사정으로 인하여 늦은 퇴실(레이트 체크아웃)은 불가레이트 체크아웃 시 30분당 5 000원 (현장결제)   펜션 문의기본 정보입실 : 15:00 | 퇴실 : 11:0020시 이후 입실 시 사전문의 (필수)전 객실 금연주차 가능객실 정보301호 개별 수영장 냉수 50 000원   온수 70 000원   301호 레이트 체크아웃 시 1시간 10 000원   미온수 온도 30~32도   현장결제인원 추가 정보기준 인원 외 추가요금 현장결제1인 10 000원 (13개월 이상~7세 미만)  20 000원 (7세 이상)301호 : 1인 30 000원 (영유아 포함)영유아 인원수 포함   최대인원 초과불가현장 결제펜션 서비스시설 이용문의 및 비용 별도 펜션문의온수수영장 (매년 12월 ~ 2월 미운영) : 무료   미온수 30~32도   수영복  래쉬가드 착용 필수   물놀이 용품 및 튜브 개인지참포토존바비큐 시설숯+그릴 대여 : 2~4인 기준 25 000원 (숯 추가 10 000원)자이글 대여 : 1회 10 000원   객실 내 이용101  102  103  301호 숯불 바비큐 객실 앞 테라스201  202  203  204호 숯불 바비큐 1층 공동 바비큐301호 숯불 바비큐 : 1set 25 000원 (1인 추가 5 000원)   301호 실내 전기 그릴 이용료 : 1회 30 000원 스파 객실 숯불 바비큐 이용 시 공동 바비큐장 사용 (루프탑 노천 스파룸 제외)현장 결제취소 및 환불 규정숙박일 기준 6일전 : 100% 환불숙박일 기준 5일전 : 90% 환불숙박일 기준 4일전 : 80% 환불숙박일 기준 3일전 : 70% 환불숙박일 기준 2일전 : 50% 환불숙박일 기준 1일전 : 30% 환불숙박일 당일 및 Noshow : 환불불가취소  환불시 수수료가 발생할 수 있습니다확인사항 및 기타최대 인원 초과시 입실이 불가 합니다 (방문객 불가)객실 내 육류  튀김류  생선류 조리를 할 수 없습니다전 객실 애완동물 출입이 불가합니다보호자 동반없는 미성년자는 이용하실 수 없습니다해당 이미지는 실제와 상이 할 수 있습니다이용시설의 분실 및 훼손의 책임은 이용자에게 있으니 주의부탁드립니다객실 내에서는 화재위험물질 (화약  폭죽 등)은 사용 하실 수 없습니다 (화재로 인한 책임은 이용자에게 있습니다)쓰레기는 지정된 장소에 분리하여 주시기 바랍니다위의 정보는 펜션의 사정에 따라 변경될 수 있습니다성수기 기간동안 일부 객실의 경우 요금변동이 있을 수 있습니다수영장 운영은 날씨 또는 펜션 상황에 따라 변동 될 수 있습니다,8
 여수 아라메르 오션뷰&스파펜션,전남 여수시 화양면 장수리 627,7,펜션,//image.goodchoice.kr/resize_490x348/affiliate/2023/07/10/13/ea6d6953-e025-4f82-88f2-1da7cd16f4ef-original.jpg,15443812,사장님 한마디                    장등해수욕장 차로 2분 거리에 커플  가족여행에 적합한 펜션입니다아름다운 오션뷰와 스파  야외 공용 수영장에서 물놀이를 즐길 수 있습니다                주변정보장등해수욕장 차량 2분여자만해넘이전망대 차량 9분백야도 차량 12분공지사항객실 정비 및 숙소 사정으로 인하여 늦은 퇴실(레이트 체크아웃)은 불가기본 정보입실 : 15:00 | 퇴실 : 11:0020시 이후 입실 시 사전문의 (필수)무료 WiFi전 객실 금연주차 가능인원 추가 정보기준 인원 외 추가요금 현장결제1인 10 000원 (영유아 포함)영유아 인원수 포함   최대인원 초과불가현장 결제펜션 서비스시설 이용문의 및 비용 별도 펜션문의야외 수영장 (하절기 운영)바비큐 시설바비큐 비용 : 2~3인 기준 20 000원 (1인 추가 5 000원)옥상 공동 바비큐장 구비 (우천 시 이용 가능)현장 결제취소 및 환불 규정숙박일 기준 6일전 : 100% 환불숙박일 기준 5일전 : 90% 환불숙박일 기준 4일전 : 80% 환불숙박일 기준 3일전 : 70% 환불숙박일 기준 2일전 : 50% 환불숙박일 기준 1일전 : 30% 환불숙박일 당일 및 Noshow : 환불불가취소  환불시 수수료가 발생할 수 있습니다확인사항 및 기타최대 인원 초과시 입실이 불가 합니다 (방문객 불가)객실 내 육류  튀김류  생선류 조리를 할 수 없습니다전 객실 애완동물 출입이 불가합니다보호자 동반없는 미성년자는 이용하실 수 없습니다해당 이미지는 실제와 상이 할 수 있습니다이용시설의 분실 및 훼손의 책임은 이용자에게 있으니 주의부탁드립니다객실 내에서는 화재위험물질 (화약  폭죽 등)은 사용 하실 수 없습니다 (화재로 인한 책임은 이용자에게 있습니다)쓰레기는 지정된 장소에 분리하여 주시기 바랍니다위의 정보는 펜션의 사정에 따라 변경될 수 있습니다성수기 기간동안 일부 객실의 경우 요금변동이 있을 수 있습니다수영장 운영은 날씨 또는 펜션 상황에 따라 변동 될 수 있습니다,9
 여수 소소한 행복 키즈 가족 펜션,전남 여수시 화양면 이천리 2053,7,펜션,//image.goodchoice.kr/resize_490x348/affiliate/2023/08/11/12/R1zetoOVBkpE.jpg,18339306,사장님 한마디                    아름다운 노을과 함께 해안 길 산책을 즐기실 수 있는 펜션입니다다양한 객실이 갖춰져 있으며 펜션 바로 앞 방파제 낚시할 수 있습니다                주변정보소호동동다리 차량 11분유월드루지테마파크 차량 17분장등해수욕장 차량 23분기본 정보입실 : 15:00 | 퇴실 : 11:0022시 이후 입실 시 사전문의 (필수)전 객실 금연객실 당 1대씩 가능마트  편의점 : 농협로컬푸드 여천농협죽림점 (차량 13분)   GS25 여수소라점 (차량 10분)객실 정보전객실 와이파이 사용 가능넷플릭스 및 유튜브 가능 ( 개인 계정 사용)인원 추가 정보12개월 이상~미취학아동 1인 10 000원 (12개월 미만 무료)취학 아동~성인 1인 20 000원12개월 미만은 무료이나 인원수에는 포함최대 4인 객실은 다자녀 가족인 경우 1인 초과 가능 (단  침구류 제공 불가  개인지참 필요)1박기준현장 결제펜션 서비스실내 놀이터 ( 정글짐   미끄럼틀   트램펄린 )바비큐 시설숯+그릴 대여 : 2~4인 기준 1회 사용 시 20 000원종류 : 전기그릴 바베큐 (웨버그릴)이용시간 : 17:00~22:00오렌지 1~4는 야외 공용바비큐장 이용   그 외 객실은 개별 바베큐우천 및 동계 시 사용 가능외부 화기 반입 금지객실내 고기 및 생선 조리 금지(객실 악취로 인해 판매불가)현장 결제취소 및 환불 규정숙박일 기준 10일 전 : 100% 환불숙박일 기준 9일 전 : 90% 환불숙박일 기준 8일 전 : 80% 환불숙박일 기준 7일 전 : 70% 환불숙박일 기준 6일 전 : 60% 환불숙박일 기준 5일 전 : 50% 환불숙박일 기준 4일 전 : 40% 환불숙박일 기준 3일 전 : 30% 환불숙박일 기준 2일 전 : 20% 환불숙박일 기준 1일 전 : 10% 환불숙박일 기준 당일 및  NOSHOW : 환불불가취소 및 환불시 수수료가 발생할 수 있습니다확인사항 및 기타당일예약  당일이용 (21시 이후 입실)을 원하는 경우 꼭 업체에 이용가능여부 문의 후 예약바랍니다최대 인원 초과시 입실이 불가 합니다 (방문객 불가)객실 내 육류  튀김류  생선류 조리를 할 수 없습니다전 객실 애완동물 출입이 불가합니다보호자 없는 미성년자 숙박이용 적발 시 강제 퇴실 및 취소 환불 절대 불가합니다해당 이미지는 실제와 상이 할 수 있습니다이용시설의 분실 및 훼손의 책임은 이용자에게 있으니 주의부탁드립니다객실 내에서는 화재위험물질 (화약  폭죽 등)은 사용 하실 수 없습니다 (화재로 인한 책임은 이용자에게 있습니다)쓰레기는 지정된 장소에 분리하여 주시기 바랍니다위의 정보는 펜션의 사정에 따라 변경될 수 있습니다성수기 기간동안 일부 객실의 경우 요금변동이 있을 수 있습니다,10
 여수 케이브풀빌라,전남 여수시 돌산읍 평사리 10303,7,펜션,//image.goodchoice.kr/resize_490x348/affiliate/2023/07/20/64b8e02d09206.jpg,050440045626,사장님 한마디                    23년 7월 전면 리모델링으로 고급 인테리어의 객실을 보유한 풀빌라입니다야외 인피니티 수영장에서 물놀이를 즐기고 개별 바비큐를 이용할 수 있습니다                주변정보돌산대교 차량 18분여수세계박람회장 차량 19분향일암 차량 23분기본정보입실 : 15:00 | 퇴실 : 11:0022시 이후 입실 시 사전문의 (필수)무료 WiFi전 객실 금연객실정보스파 (사계절 운영) : 무료   15:00~22:00   수영복 또는 래쉬가드 착용개별 수영장 (하절기 운영) : 미온수 1회 50 000원   미리예약필수   현장결제   15:00~22:00   수영복 또는 래쉬가드 착용인원 추가 정보1인 20 000원 (12세 미만)  30 000원 (12세 이상)영유아 인원수 포함   최대인원 초과불가침구 추가 : 가능현장 결제펜션 서비스시설 이용문의 및 비용 별도 펜션문의야외인피니티수영장 전면 리모델링 : 대형수영장+온수풀이 합쳐진 인피니티 수영장원형 수영장만 온수로 운영 (~ 2023 11 30일까지 운영)야외 캠핑존야외 빔프로젝트바비큐 시설전기그릴 대여 : 2인 20 000원 (1인 추가 5 000원)이용시간 : 15:00~22:00전 객실 개별 전기그릴 바비큐 가능현장 결제취소 및 환불 규정숙박일 기준 6일전 : 100% 환불숙박일 기준 5일전 : 90% 환불숙박일 기준 4일전 : 80% 환불숙박일 기준 3일전 : 70% 환불숙박일 기준 2일전 : 50% 환불숙박일 기준 1일전 : 30% 환불숙박일 당일 및 Noshow : 환불불가취소  환불 시 수수료가 발생할 수 있습니다확인사항 및 기타최대 인원 초과시 입실이 불가 합니다 (방문객 불가)객실 내 육류  튀김류  생선류 조리를 할 수 없습니다전 객실 애완동물 출입이 불가합니다보호자 동반없는 미성년자는 이용하실 수 없습니다해당 이미지는 실제와 상이 할 수 있습니다이용시설의 분실 및 훼손의 책임은 이용자에게 있으니 주의부탁드립니다객실 내에서는 화재위험물질 (화약  폭죽 등)은 사용 하실 수 없습니다 (화재로 인한 책임은 이용자에게 있습니다)쓰레기는 지정된 장소에 분리하여 주시기 바랍니다위의 정보는 펜션의 사정에 따라 변경될 수 있습니다성수기 기간동안 일부 객실의 경우 요금변동이 있을 수 있습니다수영장 운영은 날씨 또는 펜션 상황에 따라 변동 될 수 있습니다,1
 여수 포트앤포트 풀빌라&리조트,전남 여수시 돌산읍 우두리 7301,7,펜션,//image.goodchoice.kr/resize_490x348/affiliate/2023/02/13/63e9c635895ce.jpg,050240204902,사장님 한마디                    3년에 걸친 건축  사소함에서 느껴지는 디테일의 차이. 야경의 도시 여수 가장 높은 곳에서내려다 보는 환상적인 전망. 바다가 감싸 안은 작품이 제공하는 온전한 휴식의 의미를 경험하세요.                주변정보해상케이블카 차량 3분오동도 차량 10분여수낭만포차거리 차량 10분공지사항추가비용은 현장 결제 입니다기본정보입실 : 15:00 | 퇴실 : 11:0021시 이후 입실 시 사전문의 (필수)무료 WiFi전 객실 금연주차 가능객실정보개별 스파 (사계절 운영) : SKYFORT 객실 개별 스파 사용료 + 미온수(28도 ~ 32도) 50 000원    수영복 or 간단한 차림(반팔  반바지)개별 수영장 (사계절 운영) : 현장문의 필수   수영복 or 간단한 차림(반팔  반바지)인원 추가 정보인원추가 시 1인 4만원(36개월 미만 무료)유아 인원수 포함   최대인원 초과불가추가침구 금액현장 결제펜션 서비스시설 이용문의 및 비용 별도 펜션문의야외 수영장(운영시간 및 운영 전화문의) : 투숙객 한정 무료   15:30~20:30 (동절기 운영 중단  입실 전 문의)   수영복  간단한 차림(반팔  반바지)포트앤포트 라운지 카페체온유지실   탈수기엘리베이터 설치   카드결제 가능   전자레인지 구비   상비약바비큐 시설전기그릴 대여 : 30 000원바비큐 2인세트 : 80 000   바비큐 4인세트 : 140 000원(전기그릴대여비 포함)이용시간 : 15:00~22:00공용 바비큐장 구비   개별 바비큐 가능현장 결제취소 및 환불 규정숙박일 기준 10일전 : 100% 환불숙박일 기준 9일전 : 90% 환불숙박일 기준 8일전 : 80% 환불숙박일 기준 7일전 : 70% 환불숙박일 기준 6일전 : 60% 환불숙박일 기준 5일전 : 50% 환불숙박일 기준 4일전 : 40% 환불숙박일 기준 3일전 : 30% 환불숙박일 기준 2일전 : 20% 환불숙박일 기준 1일전~당일 및 Noshow : 환불불가취소  환불 시 수수료가 발생할 수 있습니다확인사항 및 기타최대 인원 초과시 입실이 불가 합니다 (방문객 불가)객실 내 육류  튀김류  생선류 조리를 할 수 없습니다보호자 동반없는 미성년자는 이용하실 수 없습니다해당 이미지는 실제와 상이 할 수 있습니다이용시설의 분실 및 훼손의 책임은 이용자에게 있으니 주의부탁드립니다객실 내에서는 화재위험물질 (화약  폭죽 등)은 사용 하실 수 없습니다 (화재로 인한 책임은 이용자에게 있습니다)쓰레기는 지정된 장소에 분리하여 주시기 바랍니다위의 정보는 펜션의 사정에 따라 변경될 수 있습니다성수기 기간동안 일부 객실의 경우 요금변동이 있을 수 있습니다수영장 운영은 날씨 또는 펜션 상황에 따라 변동 될 수 있습니다,2
 낭만밤바다,전남 여수시 중앙동 243,7,펜션,//image.goodchoice.kr/resize_490x348/affiliate/2023/08/08/10/1689038171178ksbu3isTrO7lWbHcG8R.jpg,01030860014,사장님 한마디                    여수 낭만이 가득한 바다와 낭만포차가 바로 앞에 있습니다그외 여수의 주요 관광지가 인접해 있습니다                주변정보여수해양공원 차량 2분돌산공원 차량 8분여수세계박람회 차량 8분기본 정보입실 : 15:00 | 퇴실 : 11:0022시 이후 입실 시 사전문의 (필수)무료 WiFi전 객실 금연주차 가능픽업불가객실 정보[객실 내 스파]이용객실: VIP Family 키즈스파  력셔리 키즈 스파  오션스파무료이용입욕제 사용불가인원 추가 정보영유아 기준인원 포함   최대인원 초과불가36개월 이상부터 추가요금 발생현장결제펜션 서비스시설 이용문의 및 비용 별도 펜션문의[하늘공원 수영장]사계절 운영   날씨에 따라 변동될수있음운영시간: 13:00~20:00복장: 레쉬가드 수영복수건 개별지참[야외 제트스파]이용시간 : 13:00 ~ 20:00이용비용 : 40분 20 000원사전예약필수 현장결제키즈용품 무료대여 (부스터 침대가드)보드게임 무료대여 (보증금 10 000원 반납시 환불)무료주차바비큐 시설전기그릴 이용: 15 000원테라스바베큐 가능 객실: VIP Family 키즈스파  력셔리 키즈 스파숯+그릴 이용: 1set 20 000원숯+그릴은 공동바베큐장에서 18:00~21:30까지 사용가능현장결제취소 및 환불 규정숙박일 기준 7 일 전 : 100% 환불숙박일 기준 6 일 전 : 90% 환불숙박일 기준 5 일 전 : 85% 환불숙박일 기준 4 일 전 : 80% 환불숙박일 기준 3 일 전 : 70% 환불숙박일 기준 2 일 전 : 50% 환불숙박일 기준 1 일 전 : 30% 환불숙박일 기준 당일 및 NOSHOW : 환불불가취소  환불시 수수료가 발생할 수 있습니다확인사항 및 기타최대 인원 초과시 입실이 불가 합니다 (방문객 불가)보호자 동반없는 미성년자는 이용하실 수 없습니다전 객실 애완동물 출입이 불가합니다해당 이미지는 실제와 상이 할 수 있습니다이용시설의 분실 및 훼손의 책임은 이용자에게 있으니 주의부탁드립니다객실 내에서는 화재위험물질 (화약  폭죽 등)은 사용 하실 수 없습니다 (화재로 인한 책임은 이용자에게 있습니다)쓰레기는 지정된 장소에 분리하여 주시기 바랍니다위의 정보는 펜션의 사정에 따라 변경될 수 있습니다성수기 기간동안 일부 객실의 경우 요금변동이 있을 수 있습니다수영장 운영은 날씨 또는 펜션 상황에 따라 변동 될 수 있습니다,3
 여수 AG스파빌 펜션,전남 여수시 돌산읍 군내리 5022,7,펜션,//image.goodchoice.kr/resize_490x348/affiliate/2023/04/28/17/1681977044_mainImg_0.jpg,18336682,사장님 한마디                    돌산항 인근에 커플  가족 등 다양한 객실을 갖춘 펜션입니다여수 바다를 보면서 야외 스위밍풀  제트 스파를 즐길 수 있습니다                주변정보돌산항 도보 4분방죽포해수욕장 차량 16분향일암 차량 25분기본 정보입실 : 16:00 | 퇴실 : 11:0020시 이후 입실 시 사전문의 (필수)무료 WiFi전 객실 금연객실 정보A1~3 객실 야외 스위밍풀 : 동절기 12월~4월까지 운영 불가   5월~11월까지 이용 가능제트 스파   스위밍 스파 이용시간 : 입실 시~22:00미온수 온도 : 제트스파 35도 이하   스위밍풀 30도 이하 (온도 조절 불가)스파 이용시 입욕제를 사용할 경우  고장의 원인이 되어 입욕제 사용 불가개별 스위밍풀에 튜브 이외 이물질 (장난감  오물  토사물 등) 투입 시 순환 시스템 고장의 원인이 되며 변상 책임 있음 (수리비 및 휴관료 부가   수리비 최소 20만원 발생)부대시설 (야외 스위밍풀  스파) 이용 시 수영복 및 레쉬가드 착용 필수A1~A3 객실 시네마룸 보유[취사시설조 이용]일부 객실 취사 가능 (객실 내 취사도구 및 식기류 구비)객실 내 육류  튀김류  생선류 조리 금지인원 추가 정보1인 20 000원 (36개월 이상)36개월 미만 무료 (단  1가정 1자녀 한정 적용  1자녀 초과 시 추가 인원 비용 발생)영유아 인원수 포함   최대인원 초과불가펜션 서비스시설 이용문의 및 비용 별도 펜션문의웰컴 기프트(육개장 및 음료)바비큐 시설숯+그릴 대여 : 1SET 20 000원바비큐 준비시간 : 17:00~19:00전 객실 개별 테라스 바비큐 가능현장 결제취소 및 환불 규정숙박일 기준 8일전 : 100% 환불숙박일 기준 7~5일전 : 90% 환불숙박일 기준 4일전 : 80% 환불숙박일 기준 3일전 : 70% 환불숙박일 기준 2일전 : 50% 환불숙박일 기준 1일전 : 30% 환불숙박일 당일 및 Noshow : 환불불가취소  환불시 수수료가 발생할 수 있습니다확인사항 및 기타2객실 이상의 단체 예약은 사전 협의 부탁드립니다최대 인원 초과시 입실이 불가 합니다 (방문객 불가)객실 내 육류  튀김류  생선류 조리를 할 수 없습니다전 객실 애완동물 출입이 불가합니다보호자 동반없는 미성년자는 이용하실 수 없습니다해당 이미지는 실제와 상이 할 수 있습니다이용시설의 분실 및 훼손의 책임은 이용자에게 있으니 주의부탁드립니다객실 내에서는 화재위험물질 (화약  폭죽 등)은 사용 하실 수 없습니다 (화재로 인한 책임은 이용자에게 있습니다)쓰레기는 지정된 장소에 분리하여 주시기 바랍니다위의 정보는 펜션의 사정에 따라 변경될 수 있습니다성수기 기간동안 일부 객실의 경우 요금변동이 있을 수 있습니다수영장 운영은 날씨 또는 펜션 상황에 따라 변동 될 수 있습니다,4
 여수 포르르 오션뷰펜션,전남 여수시 화양면 이천리 7289,7,펜션,//image.goodchoice.kr/resize_490x348/affiliate/2022/12/22/14/dd59686a-c3c7-42f0-9ccc-8fa45de89cca-original.jpg,15443812,사장님 한마디                    전 객실 마음마저 시원해지는 오션뷰를 감상할 수 있는 펜션입니다실외 및 실내 인테리어가 깔끔하고 모던한 스타일의 공간을 제공합니다                주변정보에코힐즈 차량 23분장등해수욕장 차량 25분유월드루지테마파크 차량 25분기본 정보입실 : 15:00 | 퇴실 : 11:0020시 이후 입실 시 사전문의 (필수)무료 WiFi전 객실 금연주차 가능객실 정보전 객실 금연 및 육류  생선류 조리는 불가인원 추가 정보1인 10 000원 (영유아 포함)영유아 인원수 포함   최대인원 초과불가침구 추가 : 1SET 10 000원 (투숙 인원 외 침구 추가 시)현장 결제펜션 서비스시설 이용문의 및 비용 별도 펜션문의야외 수영장 (하절기 운영) : 9 9 운영 마감   날씨 및 사정에 따라 운영 변경될 수 있음바비큐 시설숯+그릴 대여 : 2인 기준 25 000원  3~4인 30 000원   5인 이상 1인 5 000원 추가실내그릴 대여 : 1회 20 000원준비시간 : ~18:00 (18시 이후 숯불 바비큐 이용 원할 경우 셀프 이용)바비큐장 구비   전 객실 개별 테라스 바비큐 가능날씨 및 사정에 따라 운영 변경될 수 있음개인 바비큐 장비 지참 시  사용 불가현장 결제취소 및 환불 규정숙박일 기준 6일전 : 100% 환불숙박일 기준 5일전 : 90% 환불숙박일 기준 4일전 : 80% 환불숙박일 기준 3일전 : 70% 환불숙박일 기준 2일전 : 50% 환불숙박일 기준 1일전 : 30% 환불숙박일 당일 및 Noshow : 환불불가취소  환불시 수수료가 발생할 수 있습니다확인사항 및 기타최대 인원 초과시 입실이 불가 합니다 (방문객 불가)객실 내 육류  튀김류  생선류 조리를 할 수 없습니다전 객실 애완동물 출입이 불가합니다보호자 동반없는 미성년자는 이용하실 수 없습니다해당 이미지는 실제와 상이 할 수 있습니다이용시설의 분실 및 훼손의 책임은 이용자에게 있으니 주의부탁드립니다객실 내에서는 화재위험물질 (화약  폭죽 등)은 사용 하실 수 없습니다 (화재로 인한 책임은 이용자에게 있습니다)쓰레기는 지정된 장소에 분리하여 주시기 바랍니다위의 정보는 펜션의 사정에 따라 변경될 수 있습니다성수기 기간동안 일부 객실의 경우 요금변동이 있을 수 있습니다수영장 운영은 날씨 또는 펜션 상황에 따라 변동 될 수 있습니다,5
 해남 포유 무인텔,전남 해남군 삼산면 신흥리 537,9.0,모텔,//image.goodchoice.kr/resize_490x348/adimg_new/75313/528505/89d7fc5db956c258253bf9f45220473e.jpg,050240423034,주차장 정보1실 1주차 드라이브인총 14대 주차시설 보유,6
 영광 알로하무인텔,전남 영광군 백수읍 백암리 1844,9.8,모텔,//image.goodchoice.kr/resize_490x348/adimg_new/75561/534647/37e0dab5e441053703d9272fa3a48105.jpg,050240193263,사장님 한마디즐거운 인사   알로하  영광 알로하 무인텔에서 여러분을 기다립니다 : )                주차장 정보총 17대 주차시설 보유주변 정보백제 불교문화 최초도래지까지 5.6km  차로 7~8분거리백수 해안도로 안에 노울카페 옆 200m거리영광 해수온천랜드까지 1.5km  차로 2분거리영광 불갑사까지 25km  차로 30분거리영광 컨트리클럽에서 3.5km  차로 5분객실내부 시설이용안내객실내 취사 금지소방안전법으로 인하여 객실내 취사 금지객실이용안내영광 알로하 무인텔은 퇴실시 소독 및 방역에 최선을 다하고 있습니다.퇴실후 모든 침구류는 재사용 하지 않습니다(세탁업체의 사정상 주름이 있을수 있음)7월01일 부터 전 객실 넷플릭스 무료 제공됨니다.전 객실 pc구비 중이며 외부입력 선택으로 tv로 시청 가능합니다.추가 안내사항기본규정입실시 기준 인원은 2인이며 추가 인원시 현장에서 추가요금 결제됨니다.객실은 체크인시 배정되며 상기 이미지와 다를수 있습니다.상기 이미지의 객실 예약을 원하실 경우  모텔로 문의 바람니다.성수기 및 특정일  공휴일(전일 포함)에는 요금변동이 있을 수 있습니다.,7
 여수 메르 오션뷰&스파펜션,전남 여수시 화양면 안포리 6963,7,펜션,//image.goodchoice.kr/resize_490x348/affiliate/2022/09/21/13/5623f27b-7635-4441-9052-9174b89ec425-original.jpg,15443812,사장님 한마디                    아름다운 장등해수욕장이 차로 15분 거리에 가까이 있는 펜션입니다백야도  장군도  해상케이블카  이순신광장 등 다양한 주변 관광지가 있습니다                주변정보장등해수욕장 차량 15분유월드루지테마파크 차량 21분둔병도 차량 30분공지사항객실 정비 및 숙소 사정으로 인하여 늦은 퇴실(레이트 체크아웃)은 불가레이트 체크아웃 시 30분당 5 000원 (현장결제)   펜션 문의기본 정보입실 : 15:00 | 퇴실 : 11:0020시 이후 입실 시 사전문의 (필수)전 객실 금연주차 가능인원 추가 정보기준 인원 외 추가요금 현장결제1인 10 000원 (13개월 이상~7세 미만)  20 000원 (7세 이상)영유아 인원수 포함   최대인원 초과불가현장 결제펜션 서비스시설 이용문의 및 비용 별도 펜션문의온수 수영장 (매년 12월 ~ 2월 미운영) : 무료   온도 30~32도   수영복  래쉬가드 착용 필수   물놀이 용품 및 튜브 개인지참포토존바비큐 시설숯+그릴 대여 : 2~4인 기준 25 000원 (숯 추가 10 000원)자이글 대여 : 1회 10 000원   객실 내 이용바비큐장 구비101  102  103  301호 숯불 바비큐 객실 앞 테라스 201  202  203  204호 숯불 바비큐 1층 공동 바비큐스파 객실 숯불 바비큐 이용 시 공동 바비큐장 사용 (루프탑 노천 스파룸 제외)현장 결제취소 및 환불 규정숙박일 기준 6일전 : 100% 환불숙박일 기준 5일전 : 90% 환불숙박일 기준 4일전 : 80% 환불숙박일 기준 3일전 : 70% 환불숙박일 기준 2일전 : 50% 환불숙박일 기준 1일전 : 30% 환불숙박일 당일 및 Noshow : 환불불가취소  환불시 수수료가 발생할 수 있습니다확인사항 및 기타최대 인원 초과시 입실이 불가 합니다 (방문객 불가)객실 내 육류  튀김류  생선류 조리를 할 수 없습니다전 객실 애완동물 출입이 불가합니다보호자 동반없는 미성년자는 이용하실 수 없습니다해당 이미지는 실제와 상이 할 수 있습니다이용시설의 분실 및 훼손의 책임은 이용자에게 있으니 주의부탁드립니다객실 내에서는 화재위험물질 (화약  폭죽 등)은 사용 하실 수 없습니다 (화재로 인한 책임은 이용자에게 있습니다)쓰레기는 지정된 장소에 분리하여 주시기 바랍니다위의 정보는 펜션의 사정에 따라 변경될 수 있습니다성수기 기간동안 일부 객실의 경우 요금변동이 있을 수 있습니다수영장 운영은 날씨 또는 펜션 상황에 따라 변동 될 수 있습니다,8
 목포 호텔 스테이,전남 목포시 상동 10316,9.7,모텔,//image.goodchoice.kr/resize_490x348/adimg_new/64713/298090/963a395b692e39d198f07beabc3da9bb.jpg,050440418335,주차장 정보.총 25대 주차시설 보유주변 정보목포 평화광장까지 800m  도보 8분거리목포 종합버스 터미널까지 2km  차량으로 8분 거리목포역까지 5km  차량으로 약 13분 거리목포 해상 케이블카 북항 승강장까지 6.6km  차량으로 약 20분 거리목포 갓바위까지 1.3km 차량으로 4분 거리목포 문화의거리까지 1.7km  차량으로 5분거리객실내부 시설1. 전 객실 LG 65인치 스마트 TV2. 전 객실 삼성 에어드레서 설치3. 전 객실 공기청정기 설치4. 전 객실 드라이기   고대기 구비5. 전 객실 새침구류6. 전 객실 특수제작 고급매트리스 구비완료 !!7.전객실 듀벳 최고급 프라우덴 거위 솜털 80%+깃털 20% 1.3kg,9
 목포 오션스테이호텔,전남 목포시 죽교동 538124,9.7,모텔,//image.goodchoice.kr/resize_490x348/adimg_new/74089/504277/c8ffba21a2407bb25eecc4d9c2344fae.jpg,050440344081,주차장 정보주차시설을 보유한 숙소입니다.(차량이용시 숙소에 문의해주세요)주차시설을 보유한 숙소입니다.(차량 이용 시 숙소에 문의해 주세요.),10
